"id";"Title";"IDGeoCapitale";"CodeCapitale";"DescriptionCapitale";"Actif";"OrdreAffichage";"ValidationDSE";"Verrouille";"ControlePascAra";"AnomalieDetectee";"NotesDSE";"OBJREF";"PaysGeo";"Modified";"Created";"Author";"Editor"
"1";"Andorre-la-Vieille";"ID-GEO-CAP-000001";"CAP-AD";"";"Oui";"10";"Non";"Non";"";"";"Import GEO-CAPITALES V1";"";"";"09/10/2026 08:50:17";"09/10/2026 08:50:17";"UserId:11";"UserId:11"
"2";"Abou Dabi";"ID-GEO-CAP-000002";"CAP-AE";"";"Oui";"1";"Non";"Non";"";"";"Import GEO-CAPITALES V1";"";"";"09/10/2026 08:50:19";"09/10/2026 08:50:19";"UserId:11";"UserId:11"
"3";"Kabul";"ID-GEO-CAP-000003";"CAP-AF";"";"Oui";"95";"Non";"Non";"";"";"Import GEO-CAPITALES V1";"";"";"09/10/2026 08:50:20";"09/10/2026 08:50:20";"UserId:11";"UserId:11"
"4";"Saint John's";"ID-GEO-CAP-000004";"CAP-AG";"";"Oui";"198";"Non";"Non";"";"";"Import GEO-CAPITALES V1";"";"";"09/10/2026 08:50:22";"09/10/2026 08:50:22";"UserId:11";"UserId:11"
"5";"The Valley";"ID-GEO-CAP-000005";"CAP-AI";"";"Oui";"227";"Non";"Non";"";"";"Import GEO-CAPITALES V1";"";"";"09/10/2026 08:50:24";"09/10/2026 08:50:24";"UserId:11";"UserId:11"
"6";"Tirana";"ID-GEO-CAP-000006";"CAP-AL";"";"Oui";"229";"Non";"Non";"";"";"Import GEO-CAPITALES V1";"";"";"09/10/2026 08:50:24";"09/10/2026 08:50:24";"UserId:11";"UserId:11"
"7";"Erevan";"ID-GEO-CAP-000007";"CAP-AM";"";"Oui";"71";"Non";"Non";"";"";"Import GEO-CAPITALES V1";"";"";"09/10/2026 08:50:26";"09/10/2026 08:50:26";"UserId:11";"UserId:11"
"8";"Luanda";"ID-GEO-CAP-000008";"CAP-AO";"";"Oui";"119";"Non";"Non";"";"";"Import GEO-CAPITALES V1";"";"";"09/10/2026 08:50:27";"09/10/2026 08:50:27";"UserId:11";"UserId:11"
"9";"ND - Antarctique";"ID-GEO-CAP-000009";"CAP-AQ";"";"Oui";"149";"Non";"Non";"";"";"Import GEO-CAPITALES V1";"";"";"09/10/2026 08:50:29";"09/10/2026 08:50:29";"UserId:11";"UserId:11"
"10";"Buenos Aires";"ID-GEO-CAP-000010";"CAP-AR";"";"Oui";"44";"Non";"Non";"";"";"Import GEO-CAPITALES V1";"";"";"09/10/2026 08:50:31";"09/10/2026 08:50:31";"UserId:11";"UserId:11"
"11";"Pago Pago";"ID-GEO-CAP-000011";"CAP-AS";"";"Oui";"167";"Non";"Non";"";"";"Import GEO-CAPITALES V1";"";"";"09/10/2026 08:50:32";"09/10/2026 08:50:32";"UserId:11";"UserId:11"
"12";"Vienna";"ID-GEO-CAP-000012";"CAP-AT";"";"Oui";"238";"Non";"Non";"";"";"Import GEO-CAPITALES V1";"";"";"09/10/2026 08:50:33";"09/10/2026 08:50:33";"UserId:11";"UserId:11"
"13";"Canberra";"ID-GEO-CAP-000013";"CAP-AU";"";"Oui";"46";"Non";"Non";"";"";"Import GEO-CAPITALES V1";"";"";"09/10/2026 08:50:35";"09/10/2026 08:50:35";"UserId:11";"UserId:11"
"14";"Oranjestad";"ID-GEO-CAP-000014";"CAP-AW";"";"Oui";"162";"Non";"Non";"";"";"Import GEO-CAPITALES V1";"";"";"09/10/2026 08:50:36";"09/10/2026 08:50:36";"UserId:11";"UserId:11"
"15";"Mariehamn";"ID-GEO-CAP-000015";"CAP-AX";"";"Oui";"132";"Non";"Non";"";"";"Import GEO-CAPITALES V1";"";"";"09/10/2026 08:50:37";"09/10/2026 08:50:37";"UserId:11";"UserId:11"
"16";"Bakou";"ID-GEO-CAP-000016";"CAP-AZ";"";"Oui";"21";"Non";"Non";"";"";"Import GEO-CAPITALES V1";"";"";"09/10/2026 08:50:39";"09/10/2026 08:50:39";"UserId:11";"UserId:11"
"17";"Sarajevo";"ID-GEO-CAP-000017";"CAP-BA";"";"Oui";"209";"Non";"Non";"";"";"Import GEO-CAPITALES V1";"";"";"09/10/2026 08:50:40";"09/10/2026 08:50:40";"UserId:11";"UserId:11"
"18";"Bridgetown";"ID-GEO-CAP-000018";"CAP-BB";"";"Oui";"40";"Non";"Non";"";"";"Import GEO-CAPITALES V1";"";"";"09/10/2026 08:50:42";"09/10/2026 08:50:42";"UserId:11";"UserId:11"
"19";"Dhaka";"ID-GEO-CAP-000019";"CAP-BD";"";"Oui";"61";"Non";"Non";"";"";"Import GEO-CAPITALES V1";"";"";"09/10/2026 08:50:43";"09/10/2026 08:50:43";"UserId:11";"UserId:11"
"20";"Bruxelles";"ID-GEO-CAP-000020";"CAP-BE";"";"Oui";"41";"Non";"Non";"";"";"Import GEO-CAPITALES V1";"";"";"09/10/2026 08:50:44";"09/10/2026 08:50:44";"UserId:11";"UserId:11"
"21";"Ouagadougou";"ID-GEO-CAP-000021";"CAP-BF";"";"Oui";"165";"Non";"Non";"";"";"Import GEO-CAPITALES V1";"";"";"09/10/2026 08:50:47";"09/10/2026 08:50:47";"UserId:11";"UserId:11"
"22";"Sofia";"ID-GEO-CAP-000022";"CAP-BG";"";"Oui";"213";"Non";"Non";"";"";"Import GEO-CAPITALES V1";"";"";"09/10/2026 08:50:47";"09/10/2026 08:50:47";"UserId:11";"UserId:11"
"23";"Manama";"ID-GEO-CAP-000023";"CAP-BH";"";"Oui";"129";"Non";"Non";"";"";"Import GEO-CAPITALES V1";"";"";"09/10/2026 08:50:49";"09/10/2026 08:50:49";"UserId:11";"UserId:11"
"24";"Bujumbura";"ID-GEO-CAP-000024";"CAP-BI";"";"Oui";"45";"Non";"Non";"";"";"Import GEO-CAPITALES V1";"";"";"09/10/2026 08:50:50";"09/10/2026 08:50:50";"UserId:11";"UserId:11"
"25";"Porto-Novo";"ID-GEO-CAP-000025";"CAP-BJ";"";"Oui";"183";"Non";"Non";"";"";"Import GEO-CAPITALES V1";"";"";"09/10/2026 08:50:51";"09/10/2026 08:50:51";"UserId:11";"UserId:11"
"26";"Gustavia";"ID-GEO-CAP-000026";"CAP-BL";"";"Oui";"82";"Non";"Non";"";"";"Import GEO-CAPITALES V1";"";"";"09/10/2026 08:50:53";"09/10/2026 08:50:53";"UserId:11";"UserId:11"
"27";"Hamilton";"ID-GEO-CAP-000027";"CAP-BM";"";"Oui";"84";"Non";"Non";"";"";"Import GEO-CAPITALES V1";"";"";"09/10/2026 08:50:54";"09/10/2026 08:50:54";"UserId:11";"UserId:11"
"28";"Bandar Seri Begawan";"ID-GEO-CAP-000028";"CAP-BN";"";"Oui";"23";"Non";"Non";"";"";"Import GEO-CAPITALES V1";"";"";"09/10/2026 08:50:55";"09/10/2026 08:50:55";"UserId:11";"UserId:11"
"29";"Sucre";"ID-GEO-CAP-000029";"CAP-BO";"";"Oui";"219";"Non";"Non";"";"";"Import GEO-CAPITALES V1";"";"";"09/10/2026 08:50:57";"09/10/2026 08:50:57";"UserId:11";"UserId:11"
"30";"Kralendijk";"ID-GEO-CAP-000030";"CAP-BQ";"";"Oui";"106";"Non";"Non";"";"";"Import GEO-CAPITALES V1";"";"";"09/10/2026 08:50:58";"09/10/2026 08:50:58";"UserId:11";"UserId:11"
"31";"Brasília";"ID-GEO-CAP-000031";"CAP-BR";"";"Oui";"37";"Non";"Non";"";"";"Import GEO-CAPITALES V1";"";"";"09/10/2026 08:51:00";"09/10/2026 08:51:00";"UserId:11";"UserId:11"
"32";"Nassau";"ID-GEO-CAP-000032";"CAP-BS";"";"Oui";"147";"Non";"Non";"";"";"Import GEO-CAPITALES V1";"";"";"09/10/2026 08:51:01";"09/10/2026 08:51:01";"UserId:11";"UserId:11"
"33";"Thimphu";"ID-GEO-CAP-000033";"CAP-BT";"";"Oui";"228";"Non";"Non";"";"";"Import GEO-CAPITALES V1";"";"";"09/10/2026 08:51:02";"09/10/2026 08:51:02";"UserId:11";"UserId:11"
"34";"ND - Île Bouvet";"ID-GEO-CAP-000034";"CAP-BV";"";"Oui";"150";"Non";"Non";"";"";"Import GEO-CAPITALES V1";"";"";"09/10/2026 08:51:04";"09/10/2026 08:51:04";"UserId:11";"UserId:11"
"35";"Gaborone";"ID-GEO-CAP-000035";"CAP-BW";"";"Oui";"77";"Non";"Non";"";"";"Import GEO-CAPITALES V1";"";"";"09/10/2026 08:51:05";"09/10/2026 08:51:05";"UserId:11";"UserId:11"
"36";"Minsk";"ID-GEO-CAP-000036";"CAP-BY";"";"Oui";"137";"Non";"Non";"";"";"Import GEO-CAPITALES V1";"";"";"09/10/2026 08:51:06";"09/10/2026 08:51:06";"UserId:11";"UserId:11"
"37";"Belmopan";"ID-GEO-CAP-000037";"CAP-BZ";"";"Oui";"30";"Non";"Non";"";"";"Import GEO-CAPITALES V1";"";"";"09/10/2026 08:51:08";"09/10/2026 08:51:08";"UserId:11";"UserId:11"
"38";"Ottawa";"ID-GEO-CAP-000038";"CAP-CA";"";"Oui";"164";"Non";"Non";"";"";"Import GEO-CAPITALES V1";"";"";"09/10/2026 08:51:09";"09/10/2026 08:51:09";"UserId:11";"UserId:11"
"39";"West Island";"ID-GEO-CAP-000039";"CAP-CC";"";"Oui";"243";"Non";"Non";"";"";"Import GEO-CAPITALES V1";"";"";"09/10/2026 08:51:11";"09/10/2026 08:51:11";"UserId:11";"UserId:11"
"40";"Kinshasa";"ID-GEO-CAP-000040";"CAP-CD";"";"Oui";"104";"Non";"Non";"";"";"Import GEO-CAPITALES V1";"";"";"09/10/2026 08:51:12";"09/10/2026 08:51:12";"UserId:11";"UserId:11"
"41";"Bangui";"ID-GEO-CAP-000041";"CAP-CF";"";"Oui";"25";"Non";"Non";"";"";"Import GEO-CAPITALES V1";"";"";"09/10/2026 08:51:13";"09/10/2026 08:51:13";"UserId:11";"UserId:11"
"42";"Brazzaville";"ID-GEO-CAP-000042";"CAP-CG";"";"Oui";"39";"Non";"Non";"";"";"Import GEO-CAPITALES V1";"";"";"09/10/2026 08:51:15";"09/10/2026 08:51:15";"UserId:11";"UserId:11"
"43";"Berne";"ID-GEO-CAP-000043";"CAP-CH";"";"Oui";"32";"Non";"Non";"";"";"Import GEO-CAPITALES V1";"";"";"09/10/2026 08:51:16";"09/10/2026 08:51:16";"UserId:11";"UserId:11"
"44";"Yamoussoukro";"ID-GEO-CAP-000044";"CAP-CI";"";"Oui";"246";"Non";"Non";"";"";"Import GEO-CAPITALES V1";"";"";"09/10/2026 08:51:18";"09/10/2026 08:51:18";"UserId:11";"UserId:11"
"45";"Avarua";"ID-GEO-CAP-000045";"CAP-CK";"";"Oui";"19";"Non";"Non";"";"";"Import GEO-CAPITALES V1";"";"";"09/10/2026 08:51:19";"09/10/2026 08:51:19";"UserId:11";"UserId:11"
"46";"Santiago";"ID-GEO-CAP-000046";"CAP-CL";"";"Oui";"206";"Non";"Non";"";"";"Import GEO-CAPITALES V1";"";"";"09/10/2026 08:51:20";"09/10/2026 08:51:20";"UserId:11";"UserId:11"
"47";"Yaoundé";"ID-GEO-CAP-000047";"CAP-CM";"";"Oui";"247";"Non";"Non";"";"";"Import GEO-CAPITALES V1";"";"";"09/10/2026 08:51:22";"09/10/2026 08:51:22";"UserId:11";"UserId:11"
"48";"Pékin";"ID-GEO-CAP-000048";"CAP-CN";"";"Oui";"173";"Non";"Non";"";"";"Import GEO-CAPITALES V1";"";"";"09/10/2026 08:51:23";"09/10/2026 08:51:23";"UserId:11";"UserId:11"
"49";"Bogotá";"ID-GEO-CAP-000049";"CAP-CO";"";"Oui";"36";"Non";"Non";"";"";"Import GEO-CAPITALES V1";"";"";"09/10/2026 08:51:25";"09/10/2026 08:51:25";"UserId:11";"UserId:11"
"50";"San José";"ID-GEO-CAP-000050";"CAP-CR";"";"Oui";"202";"Non";"Non";"";"";"Import GEO-CAPITALES V1";"";"";"09/10/2026 08:51:26";"09/10/2026 08:51:26";"UserId:11";"UserId:11"
"51";"Havana";"ID-GEO-CAP-000051";"CAP-CU";"";"Oui";"87";"Non";"Non";"";"";"Import GEO-CAPITALES V1";"";"";"09/10/2026 08:51:28";"09/10/2026 08:51:28";"UserId:11";"UserId:11"
"52";"Praia";"ID-GEO-CAP-000052";"CAP-CV";"";"Oui";"185";"Non";"Non";"";"";"Import GEO-CAPITALES V1";"";"";"09/10/2026 08:51:29";"09/10/2026 08:51:29";"UserId:11";"UserId:11"
"53";"Willemstad";"ID-GEO-CAP-000053";"CAP-CW";"";"Oui";"244";"Non";"Non";"";"";"Import GEO-CAPITALES V1";"";"";"09/10/2026 08:51:31";"09/10/2026 08:51:31";"UserId:11";"UserId:11"
"54";"Flying Fish Cove";"ID-GEO-CAP-000054";"CAP-CX";"";"Oui";"73";"Non";"Non";"";"";"Import GEO-CAPITALES V1";"";"";"09/10/2026 08:51:32";"09/10/2026 08:51:32";"UserId:11";"UserId:11"
"55";"Nicosia";"ID-GEO-CAP-000055";"CAP-CY";"";"Oui";"157";"Non";"Non";"";"";"Import GEO-CAPITALES V1";"";"";"09/10/2026 08:51:34";"09/10/2026 08:51:34";"UserId:11";"UserId:11"
"56";"Prague";"ID-GEO-CAP-000056";"CAP-CZ";"";"Oui";"184";"Non";"Non";"";"";"Import GEO-CAPITALES V1";"";"";"09/10/2026 08:51:35";"09/10/2026 08:51:35";"UserId:11";"UserId:11"
"57";"Berlin";"ID-GEO-CAP-000057";"CAP-DE";"";"Oui";"31";"Non";"Non";"";"";"Import GEO-CAPITALES V1";"";"";"09/10/2026 08:51:37";"09/10/2026 08:51:37";"UserId:11";"UserId:11"
"58";"Djibouti";"ID-GEO-CAP-000058";"CAP-DJ";"";"Oui";"64";"Non";"Non";"";"";"Import GEO-CAPITALES V1";"";"";"09/10/2026 08:51:38";"09/10/2026 08:51:38";"UserId:11";"UserId:11"
"59";"Copenhague";"ID-GEO-CAP-000059";"CAP-DK";"";"Oui";"58";"Non";"Non";"";"";"Import GEO-CAPITALES V1";"";"";"09/10/2026 08:51:39";"09/10/2026 08:51:39";"UserId:11";"UserId:11"
"60";"Roseau";"ID-GEO-CAP-000060";"CAP-DM";"";"Oui";"196";"Non";"Non";"";"";"Import GEO-CAPITALES V1";"";"";"09/10/2026 08:51:41";"09/10/2026 08:51:41";"UserId:11";"UserId:11"
"61";"Santo Domingo";"ID-GEO-CAP-000061";"CAP-DO";"";"Oui";"207";"Non";"Non";"";"";"Import GEO-CAPITALES V1";"";"";"09/10/2026 08:51:42";"09/10/2026 08:51:42";"UserId:11";"UserId:11"
"62";"Alger";"ID-GEO-CAP-000062";"CAP-DZ";"";"Oui";"6";"Non";"Non";"";"";"Import GEO-CAPITALES V1";"";"";"09/10/2026 08:51:44";"09/10/2026 08:51:44";"UserId:11";"UserId:11"
"63";"Quito";"ID-GEO-CAP-000063";"CAP-EC";"";"Oui";"188";"Non";"Non";"";"";"Import GEO-CAPITALES V1";"";"";"09/10/2026 08:51:45";"09/10/2026 08:51:45";"UserId:11";"UserId:11"
"64";"Tallinn";"ID-GEO-CAP-000064";"CAP-EE";"";"Oui";"223";"Non";"Non";"";"";"Import GEO-CAPITALES V1";"";"";"09/10/2026 08:51:47";"09/10/2026 08:51:47";"UserId:11";"UserId:11"
"65";"Le Caire";"ID-GEO-CAP-000065";"CAP-EG";"";"Oui";"109";"Non";"Non";"";"";"Import GEO-CAPITALES V1";"";"";"09/10/2026 08:51:48";"09/10/2026 08:51:48";"UserId:11";"UserId:11"
"66";"El Aaiún";"ID-GEO-CAP-000066";"CAP-EH";"";"Oui";"70";"Non";"Non";"";"";"Import GEO-CAPITALES V1";"";"";"09/10/2026 08:51:49";"09/10/2026 08:51:49";"UserId:11";"UserId:11"
"67";"Asmara";"ID-GEO-CAP-000067";"CAP-ER";"";"Oui";"15";"Non";"Non";"";"";"Import GEO-CAPITALES V1";"";"";"09/10/2026 08:51:51";"09/10/2026 08:51:51";"UserId:11";"UserId:11"
"68";"Madrid";"ID-GEO-CAP-000068";"CAP-ES";"";"Oui";"123";"Non";"Non";"";"";"Import GEO-CAPITALES V1";"";"";"09/10/2026 08:51:52";"09/10/2026 08:51:52";"UserId:11";"UserId:11"
"69";"Addis-Abeba";"ID-GEO-CAP-000069";"CAP-ET";"";"Oui";"5";"Non";"Non";"";"";"Import GEO-CAPITALES V1";"";"";"09/10/2026 08:51:54";"09/10/2026 08:51:54";"UserId:11";"UserId:11"
"70";"Helsinki";"ID-GEO-CAP-000070";"CAP-FI";"";"Oui";"88";"Non";"Non";"";"";"Import GEO-CAPITALES V1";"";"";"09/10/2026 08:51:55";"09/10/2026 08:51:55";"UserId:11";"UserId:11"
"71";"Suva";"ID-GEO-CAP-000071";"CAP-FJ";"";"Oui";"220";"Non";"Non";"";"";"Import GEO-CAPITALES V1";"";"";"09/10/2026 08:51:57";"09/10/2026 08:51:57";"UserId:11";"UserId:11"
"72";"Stanley";"ID-GEO-CAP-000072";"CAP-FK";"";"Oui";"217";"Non";"Non";"";"";"Import GEO-CAPITALES V1";"";"";"09/10/2026 08:51:58";"09/10/2026 08:51:58";"UserId:11";"UserId:11"
"73";"Palikir";"ID-GEO-CAP-000073";"CAP-FM";"";"Oui";"168";"Non";"Non";"";"";"Import GEO-CAPITALES V1";"";"";"09/10/2026 08:51:59";"09/10/2026 08:51:59";"UserId:11";"UserId:11"
"74";"Tórshavn";"ID-GEO-CAP-000074";"CAP-FO";"";"Oui";"231";"Non";"Non";"";"";"Import GEO-CAPITALES V1";"";"";"09/10/2026 08:52:01";"09/10/2026 08:52:01";"UserId:11";"UserId:11"
"75";"Paris";"ID-GEO-CAP-000075";"CAP-FR";"";"Oui";"172";"Non";"Non";"";"";"Import GEO-CAPITALES V1";"";"";"09/10/2026 08:52:02";"09/10/2026 08:52:02";"UserId:11";"UserId:11"
"76";"Libreville";"ID-GEO-CAP-000076";"CAP-GA";"";"Oui";"110";"Non";"Non";"";"";"Import GEO-CAPITALES V1";"";"";"09/10/2026 08:52:04";"09/10/2026 08:52:04";"UserId:11";"UserId:11"
"77";"Londres";"ID-GEO-CAP-000077";"CAP-GB";"";"Oui";"117";"Non";"Non";"";"";"Import GEO-CAPITALES V1";"";"";"09/10/2026 08:52:05";"09/10/2026 08:52:05";"UserId:11";"UserId:11"
"78";"St. George's";"ID-GEO-CAP-000078";"CAP-GD";"";"Oui";"215";"Non";"Non";"";"";"Import GEO-CAPITALES V1";"";"";"09/10/2026 08:52:06";"09/10/2026 08:52:06";"UserId:11";"UserId:11"
"79";"Tbilisi";"ID-GEO-CAP-000079";"CAP-GE";"";"Oui";"224";"Non";"Non";"";"";"Import GEO-CAPITALES V1";"";"";"09/10/2026 08:52:08";"09/10/2026 08:52:08";"UserId:11";"UserId:11"
"80";"Cayenne";"ID-GEO-CAP-000080";"CAP-GF";"";"Oui";"49";"Non";"Non";"";"";"Import GEO-CAPITALES V1";"";"";"09/10/2026 08:52:09";"09/10/2026 08:52:09";"UserId:11";"UserId:11"
"81";"St. Peter Port";"ID-GEO-CAP-000081";"CAP-GG";"";"Oui";"216";"Non";"Non";"";"";"Import GEO-CAPITALES V1";"";"";"09/10/2026 08:52:11";"09/10/2026 08:52:11";"UserId:11";"UserId:11"
"82";"Accra";"ID-GEO-CAP-000082";"CAP-GH";"";"Oui";"3";"Non";"Non";"";"";"Import GEO-CAPITALES V1";"";"";"09/10/2026 08:52:12";"09/10/2026 08:52:12";"UserId:11";"UserId:11"
"83";"Gibraltar";"ID-GEO-CAP-000083";"CAP-GI";"";"Oui";"80";"Non";"Non";"";"";"Import GEO-CAPITALES V1";"";"";"09/10/2026 08:52:13";"09/10/2026 08:52:13";"UserId:11";"UserId:11"
"84";"Nuuk";"ID-GEO-CAP-000084";"CAP-GL";"";"Oui";"161";"Non";"Non";"";"";"Import GEO-CAPITALES V1";"";"";"09/10/2026 08:52:15";"09/10/2026 08:52:15";"UserId:11";"UserId:11"
"85";"Banjul";"ID-GEO-CAP-000085";"CAP-GM";"";"Oui";"26";"Non";"Non";"";"";"Import GEO-CAPITALES V1";"";"";"09/10/2026 08:52:17";"09/10/2026 08:52:17";"UserId:11";"UserId:11"
"86";"Conakry";"ID-GEO-CAP-000086";"CAP-GN";"";"Oui";"57";"Non";"Non";"";"";"Import GEO-CAPITALES V1";"";"";"09/10/2026 08:52:17";"09/10/2026 08:52:17";"UserId:11";"UserId:11"
"87";"Basse-Terre";"ID-GEO-CAP-000087";"CAP-GP";"";"Oui";"27";"Non";"Non";"";"";"Import GEO-CAPITALES V1";"";"";"09/10/2026 08:52:19";"09/10/2026 08:52:19";"UserId:11";"UserId:11"
"88";"Malabo";"ID-GEO-CAP-000088";"CAP-GQ";"";"Oui";"125";"Non";"Non";"";"";"Import GEO-CAPITALES V1";"";"";"09/10/2026 08:52:21";"09/10/2026 08:52:21";"UserId:11";"UserId:11"
"89";"Athènes";"ID-GEO-CAP-000089";"CAP-GR";"";"Oui";"18";"Non";"Non";"";"";"Import GEO-CAPITALES V1";"";"";"09/10/2026 08:52:22";"09/10/2026 08:52:22";"UserId:11";"UserId:11"
"90";"King Edward Point";"ID-GEO-CAP-000090";"CAP-GS";"";"Oui";"100";"Non";"Non";"";"";"Import GEO-CAPITALES V1";"";"";"09/10/2026 08:52:23";"09/10/2026 08:52:23";"UserId:11";"UserId:11"
"91";"Guatemala City";"ID-GEO-CAP-000091";"CAP-GT";"";"Oui";"81";"Non";"Non";"";"";"Import GEO-CAPITALES V1";"";"";"09/10/2026 08:52:25";"09/10/2026 08:52:25";"UserId:11";"UserId:11"
"92";"Hagåtña";"ID-GEO-CAP-000092";"CAP-GU";"";"Oui";"83";"Non";"Non";"";"";"Import GEO-CAPITALES V1";"";"";"09/10/2026 08:52:26";"09/10/2026 08:52:26";"UserId:11";"UserId:11"
"93";"Bissau";"ID-GEO-CAP-000093";"CAP-GW";"";"Oui";"35";"Non";"Non";"";"";"Import GEO-CAPITALES V1";"";"";"09/10/2026 08:52:28";"09/10/2026 08:52:28";"UserId:11";"UserId:11"
"94";"Georgetown";"ID-GEO-CAP-000094";"CAP-GY";"";"Oui";"79";"Non";"Non";"";"";"Import GEO-CAPITALES V1";"";"";"09/10/2026 08:52:29";"09/10/2026 08:52:29";"UserId:11";"UserId:11"
"95";"City of Victoria";"ID-GEO-CAP-000095";"CAP-HK";"";"Oui";"54";"Non";"Non";"";"";"Import GEO-CAPITALES V1";"";"";"09/10/2026 08:52:30";"09/10/2026 08:52:30";"UserId:11";"UserId:11"
"96";"ND - Îles Heard-et-MacDonald";"ID-GEO-CAP-000096";"CAP-HM";"";"Oui";"151";"Non";"Non";"";"";"Import GEO-CAPITALES V1";"";"";"09/10/2026 08:52:32";"09/10/2026 08:52:32";"UserId:11";"UserId:11"
"97";"Tegucigalpa";"ID-GEO-CAP-000097";"CAP-HN";"";"Oui";"225";"Non";"Non";"";"";"Import GEO-CAPITALES V1";"";"";"09/10/2026 08:52:34";"09/10/2026 08:52:34";"UserId:11";"UserId:11"
"98";"Zagreb";"ID-GEO-CAP-000098";"CAP-HR";"";"Oui";"249";"Non";"Non";"";"";"Import GEO-CAPITALES V1";"";"";"09/10/2026 08:52:34";"09/10/2026 08:52:34";"UserId:11";"UserId:11"
"99";"Port-au-Prince";"ID-GEO-CAP-000099";"CAP-HT";"";"Oui";"182";"Non";"Non";"";"";"Import GEO-CAPITALES V1";"";"";"09/10/2026 08:52:36";"09/10/2026 08:52:36";"UserId:11";"UserId:11"
"100";"Budapest";"ID-GEO-CAP-000100";"CAP-HU";"";"Oui";"43";"Non";"Non";"";"";"Import GEO-CAPITALES V1";"";"";"09/10/2026 08:52:37";"09/10/2026 08:52:37";"UserId:11";"UserId:11"
"101";"Jakarta";"ID-GEO-CAP-000101";"CAP-ID";"";"Oui";"91";"Non";"Non";"";"";"Import GEO-CAPITALES V1";"";"";"09/10/2026 08:52:39";"09/10/2026 08:52:39";"UserId:11";"UserId:11"
"102";"Dublin";"ID-GEO-CAP-000102";"CAP-IE";"";"Oui";"68";"Non";"Non";"";"";"Import GEO-CAPITALES V1";"";"";"09/10/2026 08:52:40";"09/10/2026 08:52:40";"UserId:11";"UserId:11"
"103";"Jerusalem";"ID-GEO-CAP-000103";"CAP-IL";"";"Oui";"93";"Non";"Non";"";"";"Import GEO-CAPITALES V1";"";"";"09/10/2026 08:52:41";"09/10/2026 08:52:41";"UserId:11";"UserId:11"
"104";"Douglas";"ID-GEO-CAP-000104";"CAP-IM";"";"Oui";"67";"Non";"Non";"";"";"Import GEO-CAPITALES V1";"";"";"09/10/2026 08:52:43";"09/10/2026 08:52:43";"UserId:11";"UserId:11"
"105";"New Delhi";"ID-GEO-CAP-000105";"CAP-IN";"";"Oui";"154";"Non";"Non";"";"";"Import GEO-CAPITALES V1";"";"";"09/10/2026 08:52:44";"09/10/2026 08:52:44";"UserId:11";"UserId:11"
"106";"Diego Garcia";"ID-GEO-CAP-000106";"CAP-IO";"";"Oui";"62";"Non";"Non";"";"";"Import GEO-CAPITALES V1";"";"";"09/10/2026 08:52:46";"09/10/2026 08:52:46";"UserId:11";"UserId:11"
"107";"Bagdad";"ID-GEO-CAP-000107";"CAP-IQ";"";"Oui";"20";"Non";"Non";"";"";"Import GEO-CAPITALES V1";"";"";"09/10/2026 08:52:47";"09/10/2026 08:52:47";"UserId:11";"UserId:11"
"108";"Téhéran";"ID-GEO-CAP-000108";"CAP-IR";"";"Oui";"226";"Non";"Non";"";"";"Import GEO-CAPITALES V1";"";"";"09/10/2026 08:52:48";"09/10/2026 08:52:48";"UserId:11";"UserId:11"
"109";"Reykjavik";"ID-GEO-CAP-000109";"CAP-IS";"";"Oui";"191";"Non";"Non";"";"";"Import GEO-CAPITALES V1";"";"";"09/10/2026 08:52:50";"09/10/2026 08:52:50";"UserId:11";"UserId:11"
"110";"Rome";"ID-GEO-CAP-000110";"CAP-IT";"";"Oui";"195";"Non";"Non";"";"";"Import GEO-CAPITALES V1";"";"";"09/10/2026 08:52:51";"09/10/2026 08:52:51";"UserId:11";"UserId:11"
"111";"Saint Helier";"ID-GEO-CAP-000111";"CAP-JE";"";"Oui";"197";"Non";"Non";"";"";"Import GEO-CAPITALES V1";"";"";"09/10/2026 08:52:53";"09/10/2026 08:52:53";"UserId:11";"UserId:11"
"112";"Kingston (Jamaïque)";"ID-GEO-CAP-000112";"CAP-JM";"";"Oui";"102";"Non";"Non";"";"";"Import GEO-CAPITALES V1";"";"";"09/10/2026 08:52:54";"09/10/2026 08:52:54";"UserId:11";"UserId:11"
"113";"Amman";"ID-GEO-CAP-000113";"CAP-JO";"";"Oui";"8";"Non";"Non";"";"";"Import GEO-CAPITALES V1";"";"";"09/10/2026 08:52:55";"09/10/2026 08:52:55";"UserId:11";"UserId:11"
"114";"Tokyo";"ID-GEO-CAP-000114";"CAP-JP";"";"Oui";"230";"Non";"Non";"";"";"Import GEO-CAPITALES V1";"";"";"09/10/2026 08:52:57";"09/10/2026 08:52:57";"UserId:11";"UserId:11"
"115";"Nairobi";"ID-GEO-CAP-000115";"CAP-KE";"";"Oui";"146";"Non";"Non";"";"";"Import GEO-CAPITALES V1";"";"";"09/10/2026 08:52:58";"09/10/2026 08:52:58";"UserId:11";"UserId:11"
"116";"Bichkek";"ID-GEO-CAP-000116";"CAP-KG";"";"Oui";"34";"Non";"Non";"";"";"Import GEO-CAPITALES V1";"";"";"09/10/2026 08:53:00";"09/10/2026 08:53:00";"UserId:11";"UserId:11"
"117";"Phnom Penh";"ID-GEO-CAP-000117";"CAP-KH";"";"Oui";"175";"Non";"Non";"";"";"Import GEO-CAPITALES V1";"";"";"09/10/2026 08:53:01";"09/10/2026 08:53:01";"UserId:11";"UserId:11"
"118";"South Tarawa";"ID-GEO-CAP-000118";"CAP-KI";"";"Oui";"214";"Non";"Non";"";"";"Import GEO-CAPITALES V1";"";"";"09/10/2026 08:53:03";"09/10/2026 08:53:03";"UserId:11";"UserId:11"
"119";"Moroni";"ID-GEO-CAP-000119";"CAP-KM";"";"Oui";"142";"Non";"Non";"";"";"Import GEO-CAPITALES V1";"";"";"09/10/2026 08:53:04";"09/10/2026 08:53:04";"UserId:11";"UserId:11"
"120";"Basseterre";"ID-GEO-CAP-000120";"CAP-KN";"";"Oui";"28";"Non";"Non";"";"";"Import GEO-CAPITALES V1";"";"";"09/10/2026 08:53:05";"09/10/2026 08:53:05";"UserId:11";"UserId:11"
"121";"Pyongyang";"ID-GEO-CAP-000121";"CAP-KP";"";"Oui";"187";"Non";"Non";"";"";"Import GEO-CAPITALES V1";"";"";"09/10/2026 08:53:07";"09/10/2026 08:53:07";"UserId:11";"UserId:11"
"122";"Séoul";"ID-GEO-CAP-000122";"CAP-KR";"";"Oui";"210";"Non";"Non";"";"";"Import GEO-CAPITALES V1";"";"";"09/10/2026 08:53:08";"09/10/2026 08:53:08";"UserId:11";"UserId:11"
"123";"Koweït";"ID-GEO-CAP-000123";"CAP-KW";"";"Oui";"105";"Non";"Non";"";"";"Import GEO-CAPITALES V1";"";"";"09/10/2026 08:53:10";"09/10/2026 08:53:10";"UserId:11";"UserId:11"
"124";"George Town";"ID-GEO-CAP-000124";"CAP-KY";"";"Oui";"78";"Non";"Non";"";"";"Import GEO-CAPITALES V1";"";"";"09/10/2026 08:53:11";"09/10/2026 08:53:11";"UserId:11";"UserId:11"
"125";"Astana";"ID-GEO-CAP-000125";"CAP-KZ";"";"Oui";"16";"Non";"Non";"";"";"Import GEO-CAPITALES V1";"";"";"09/10/2026 08:53:12";"09/10/2026 08:53:12";"UserId:11";"UserId:11"
"126";"Vientiane";"ID-GEO-CAP-000126";"CAP-LA";"";"Oui";"239";"Non";"Non";"";"";"Import GEO-CAPITALES V1";"";"";"09/10/2026 08:53:14";"09/10/2026 08:53:14";"UserId:11";"UserId:11"
"127";"Beyrouth";"ID-GEO-CAP-000127";"CAP-LB";"";"Oui";"33";"Non";"Non";"";"";"Import GEO-CAPITALES V1";"";"";"09/10/2026 08:53:15";"09/10/2026 08:53:15";"UserId:11";"UserId:11"
"128";"Castries";"ID-GEO-CAP-000128";"CAP-LC";"";"Oui";"48";"Non";"Non";"";"";"Import GEO-CAPITALES V1";"";"";"09/10/2026 08:53:17";"09/10/2026 08:53:17";"UserId:11";"UserId:11"
"129";"Vaduz";"ID-GEO-CAP-000129";"CAP-LI";"";"Oui";"234";"Non";"Non";"";"";"Import GEO-CAPITALES V1";"";"";"09/10/2026 08:53:18";"09/10/2026 08:53:18";"UserId:11";"UserId:11"
"130";"Colombo";"ID-GEO-CAP-000130";"CAP-LK";"";"Oui";"56";"Non";"Non";"";"";"Import GEO-CAPITALES V1";"";"";"09/10/2026 08:53:20";"09/10/2026 08:53:20";"UserId:11";"UserId:11"
"131";"Monrovia";"ID-GEO-CAP-000131";"CAP-LR";"";"Oui";"140";"Non";"Non";"";"";"Import GEO-CAPITALES V1";"";"";"09/10/2026 08:53:22";"09/10/2026 08:53:22";"UserId:11";"UserId:11"
"132";"Maseru";"ID-GEO-CAP-000132";"CAP-LS";"";"Oui";"134";"Non";"Non";"";"";"Import GEO-CAPITALES V1";"";"";"09/10/2026 08:53:22";"09/10/2026 08:53:22";"UserId:11";"UserId:11"
"133";"Vilnius";"ID-GEO-CAP-000133";"CAP-LT";"";"Oui";"240";"Non";"Non";"";"";"Import GEO-CAPITALES V1";"";"";"09/10/2026 08:53:24";"09/10/2026 08:53:24";"UserId:11";"UserId:11"
"134";"Luxembourg";"ID-GEO-CAP-000134";"CAP-LU";"";"Oui";"121";"Non";"Non";"";"";"Import GEO-CAPITALES V1";"";"";"09/10/2026 08:53:25";"09/10/2026 08:53:25";"UserId:11";"UserId:11"
"135";"Riga";"ID-GEO-CAP-000135";"CAP-LV";"";"Oui";"192";"Non";"Non";"";"";"Import GEO-CAPITALES V1";"";"";"09/10/2026 08:53:27";"09/10/2026 08:53:27";"UserId:11";"UserId:11"
"136";"Tripoli";"ID-GEO-CAP-000136";"CAP-LY";"";"Oui";"232";"Non";"Non";"";"";"Import GEO-CAPITALES V1";"";"";"09/10/2026 08:53:28";"09/10/2026 08:53:28";"UserId:11";"UserId:11"
"137";"Rabat";"ID-GEO-CAP-000137";"CAP-MA";"";"Oui";"189";"Non";"Non";"";"";"Import GEO-CAPITALES V1";"";"";"09/10/2026 08:53:29";"09/10/2026 08:53:29";"UserId:11";"UserId:11"
"138";"Monaco";"ID-GEO-CAP-000138";"CAP-MC";"";"Oui";"139";"Non";"Non";"";"";"Import GEO-CAPITALES V1";"";"";"09/10/2026 08:53:32";"09/10/2026 08:53:32";"UserId:11";"UserId:11"
"139";"Chișinău";"ID-GEO-CAP-000139";"CAP-MD";"";"Oui";"51";"Non";"Non";"";"";"Import GEO-CAPITALES V1";"";"";"09/10/2026 08:53:32";"09/10/2026 08:53:32";"UserId:11";"UserId:11"
"140";"Podgorica";"ID-GEO-CAP-000140";"CAP-ME";"";"Oui";"177";"Non";"Non";"";"";"Import GEO-CAPITALES V1";"";"";"09/10/2026 08:53:34";"09/10/2026 08:53:34";"UserId:11";"UserId:11"
"141";"Marigot";"ID-GEO-CAP-000141";"CAP-MF";"";"Oui";"133";"Non";"Non";"";"";"Import GEO-CAPITALES V1";"";"";"09/10/2026 08:53:35";"09/10/2026 08:53:35";"UserId:11";"UserId:11"
"142";"Antananarivo";"ID-GEO-CAP-000142";"CAP-MG";"";"Oui";"12";"Non";"Non";"";"";"Import GEO-CAPITALES V1";"";"";"09/10/2026 08:53:37";"09/10/2026 08:53:37";"UserId:11";"UserId:11"
"143";"Majuro";"ID-GEO-CAP-000143";"CAP-MH";"";"Oui";"124";"Non";"Non";"";"";"Import GEO-CAPITALES V1";"";"";"09/10/2026 08:53:38";"09/10/2026 08:53:38";"UserId:11";"UserId:11"
"144";"Skopje";"ID-GEO-CAP-000144";"CAP-MK";"";"Oui";"212";"Non";"Non";"";"";"Import GEO-CAPITALES V1";"";"";"09/10/2026 08:53:40";"09/10/2026 08:53:40";"UserId:11";"UserId:11"
"145";"Bamako";"ID-GEO-CAP-000145";"CAP-ML";"";"Oui";"22";"Non";"Non";"";"";"Import GEO-CAPITALES V1";"";"";"09/10/2026 08:53:42";"09/10/2026 08:53:42";"UserId:11";"UserId:11"
"146";"Naypyidaw";"ID-GEO-CAP-000146";"CAP-MM";"";"Oui";"148";"Non";"Non";"";"";"Import GEO-CAPITALES V1";"";"";"09/10/2026 08:53:42";"09/10/2026 08:53:42";"UserId:11";"UserId:11"
"147";"Oulan-Bator";"ID-GEO-CAP-000147";"CAP-MN";"";"Oui";"166";"Non";"Non";"";"";"Import GEO-CAPITALES V1";"";"";"09/10/2026 08:53:44";"09/10/2026 08:53:44";"UserId:11";"UserId:11"
"148";"Macao";"ID-GEO-CAP-000148";"CAP-MO";"";"Oui";"122";"Non";"Non";"";"";"Import GEO-CAPITALES V1";"";"";"09/10/2026 08:53:45";"09/10/2026 08:53:45";"UserId:11";"UserId:11"
"149";"Saipan";"ID-GEO-CAP-000149";"CAP-MP";"";"Oui";"201";"Non";"Non";"";"";"Import GEO-CAPITALES V1";"";"";"09/10/2026 08:53:47";"09/10/2026 08:53:47";"UserId:11";"UserId:11"
"150";"Fort-de-France";"ID-GEO-CAP-000150";"CAP-MQ";"";"Oui";"74";"Non";"Non";"";"";"Import GEO-CAPITALES V1";"";"";"09/10/2026 08:53:48";"09/10/2026 08:53:48";"UserId:11";"UserId:11"
"151";"Nouakchott";"ID-GEO-CAP-000151";"CAP-MR";"";"Oui";"158";"Non";"Non";"";"";"Import GEO-CAPITALES V1";"";"";"09/10/2026 08:53:50";"09/10/2026 08:53:50";"UserId:11";"UserId:11"
"152";"Plymouth";"ID-GEO-CAP-000152";"CAP-MS";"";"Oui";"176";"Non";"Non";"";"";"Import GEO-CAPITALES V1";"";"";"09/10/2026 08:53:51";"09/10/2026 08:53:51";"UserId:11";"UserId:11"
"153";"Valletta";"ID-GEO-CAP-000153";"CAP-MT";"";"Oui";"235";"Non";"Non";"";"";"Import GEO-CAPITALES V1";"";"";"09/10/2026 08:53:53";"09/10/2026 08:53:53";"UserId:11";"UserId:11"
"154";"Port Louis";"ID-GEO-CAP-000154";"CAP-MU";"";"Oui";"178";"Non";"Non";"";"";"Import GEO-CAPITALES V1";"";"";"09/10/2026 08:53:54";"09/10/2026 08:53:54";"UserId:11";"UserId:11"
"155";"Malé";"ID-GEO-CAP-000155";"CAP-MV";"";"Oui";"126";"Non";"Non";"";"";"Import GEO-CAPITALES V1";"";"";"09/10/2026 08:53:56";"09/10/2026 08:53:56";"UserId:11";"UserId:11"
"156";"Lilongwe";"ID-GEO-CAP-000156";"CAP-MW";"";"Oui";"111";"Non";"Non";"";"";"Import GEO-CAPITALES V1";"";"";"09/10/2026 08:53:57";"09/10/2026 08:53:57";"UserId:11";"UserId:11"
"157";"Mexico";"ID-GEO-CAP-000157";"CAP-MX";"";"Oui";"136";"Non";"Non";"";"";"Import GEO-CAPITALES V1";"";"";"09/10/2026 08:53:59";"09/10/2026 08:53:59";"UserId:11";"UserId:11"
"158";"Kuala Lumpur";"ID-GEO-CAP-000158";"CAP-MY";"";"Oui";"107";"Non";"Non";"";"";"Import GEO-CAPITALES V1";"";"";"09/10/2026 08:54:00";"09/10/2026 08:54:00";"UserId:11";"UserId:11"
"159";"Maputo";"ID-GEO-CAP-000159";"CAP-MZ";"";"Oui";"131";"Non";"Non";"";"";"Import GEO-CAPITALES V1";"";"";"09/10/2026 08:54:02";"09/10/2026 08:54:02";"UserId:11";"UserId:11"
"160";"Windhoek";"ID-GEO-CAP-000160";"CAP-NA";"";"Oui";"245";"Non";"Non";"";"";"Import GEO-CAPITALES V1";"";"";"09/10/2026 08:54:03";"09/10/2026 08:54:03";"UserId:11";"UserId:11"
"161";"Nouméa";"ID-GEO-CAP-000161";"CAP-NC";"";"Oui";"159";"Non";"Non";"";"";"Import GEO-CAPITALES V1";"";"";"09/10/2026 08:54:05";"09/10/2026 08:54:05";"UserId:11";"UserId:11"
"162";"Niamey";"ID-GEO-CAP-000162";"CAP-NE";"";"Oui";"156";"Non";"Non";"";"";"Import GEO-CAPITALES V1";"";"";"09/10/2026 08:54:06";"09/10/2026 08:54:06";"UserId:11";"UserId:11"
"163";"Kingston (Île Norfolk)";"ID-GEO-CAP-000163";"CAP-NF";"";"Oui";"101";"Non";"Non";"";"";"Import GEO-CAPITALES V1";"";"";"09/10/2026 08:54:08";"09/10/2026 08:54:08";"UserId:11";"UserId:11"
"164";"Abuja";"ID-GEO-CAP-000164";"CAP-NG";"";"Oui";"2";"Non";"Non";"";"";"Import GEO-CAPITALES V1";"";"";"09/10/2026 08:54:10";"09/10/2026 08:54:10";"UserId:11";"UserId:11"
"165";"Managua";"ID-GEO-CAP-000165";"CAP-NI";"";"Oui";"128";"Non";"Non";"";"";"Import GEO-CAPITALES V1";"";"";"09/10/2026 08:54:11";"09/10/2026 08:54:11";"UserId:11";"UserId:11"
"166";"Amsterdam";"ID-GEO-CAP-000166";"CAP-NL";"";"Oui";"9";"Non";"Non";"";"";"Import GEO-CAPITALES V1";"";"";"09/10/2026 08:54:12";"09/10/2026 08:54:12";"UserId:11";"UserId:11"
"167";"Oslo";"ID-GEO-CAP-000167";"CAP-NO";"";"Oui";"163";"Non";"Non";"";"";"Import GEO-CAPITALES V1";"";"";"09/10/2026 08:54:14";"09/10/2026 08:54:14";"UserId:11";"UserId:11"
"168";"Kathmandu";"ID-GEO-CAP-000168";"CAP-NP";"";"Oui";"97";"Non";"Non";"";"";"Import GEO-CAPITALES V1";"";"";"09/10/2026 08:54:15";"09/10/2026 08:54:15";"UserId:11";"UserId:11"
"169";"Yaren";"ID-GEO-CAP-000169";"CAP-NR";"";"Oui";"248";"Non";"Non";"";"";"Import GEO-CAPITALES V1";"";"";"09/10/2026 08:54:17";"09/10/2026 08:54:17";"UserId:11";"UserId:11"
"170";"Alofi";"ID-GEO-CAP-000170";"CAP-NU";"";"Oui";"7";"Non";"Non";"";"";"Import GEO-CAPITALES V1";"";"";"09/10/2026 08:54:19";"09/10/2026 08:54:19";"UserId:11";"UserId:11"
"171";"Wellington";"ID-GEO-CAP-000171";"CAP-NZ";"";"Oui";"242";"Non";"Non";"";"";"Import GEO-CAPITALES V1";"";"";"09/10/2026 08:54:21";"09/10/2026 08:54:21";"UserId:11";"UserId:11"
"172";"Muscat";"ID-GEO-CAP-000172";"CAP-OM";"";"Oui";"144";"Non";"Non";"";"";"Import GEO-CAPITALES V1";"";"";"09/10/2026 08:54:21";"09/10/2026 08:54:21";"UserId:11";"UserId:11"
"173";"Panama City";"ID-GEO-CAP-000173";"CAP-PA";"";"Oui";"169";"Non";"Non";"";"";"Import GEO-CAPITALES V1";"";"";"09/10/2026 08:54:23";"09/10/2026 08:54:23";"UserId:11";"UserId:11"
"174";"Lima";"ID-GEO-CAP-000174";"CAP-PE";"";"Oui";"112";"Non";"Non";"";"";"Import GEO-CAPITALES V1";"";"";"09/10/2026 08:54:24";"09/10/2026 08:54:24";"UserId:11";"UserId:11"
"175";"Papeetē";"ID-GEO-CAP-000175";"CAP-PF";"";"Oui";"170";"Non";"Non";"";"";"Import GEO-CAPITALES V1";"";"";"09/10/2026 08:54:26";"09/10/2026 08:54:26";"UserId:11";"UserId:11"
"176";"Port Moresby";"ID-GEO-CAP-000176";"CAP-PG";"";"Oui";"179";"Non";"Non";"";"";"Import GEO-CAPITALES V1";"";"";"09/10/2026 08:54:27";"09/10/2026 08:54:27";"UserId:11";"UserId:11"
"177";"Manila";"ID-GEO-CAP-000177";"CAP-PH";"";"Oui";"130";"Non";"Non";"";"";"Import GEO-CAPITALES V1";"";"";"09/10/2026 08:54:29";"09/10/2026 08:54:29";"UserId:11";"UserId:11"
"178";"Islamabad";"ID-GEO-CAP-000178";"CAP-PK";"";"Oui";"90";"Non";"Non";"";"";"Import GEO-CAPITALES V1";"";"";"09/10/2026 08:54:30";"09/10/2026 08:54:30";"UserId:11";"UserId:11"
"179";"Varsovie";"ID-GEO-CAP-000179";"CAP-PL";"";"Oui";"236";"Non";"Non";"";"";"Import GEO-CAPITALES V1";"";"";"09/10/2026 08:54:32";"09/10/2026 08:54:32";"UserId:11";"UserId:11"
"180";"Saint-Pierre";"ID-GEO-CAP-000180";"CAP-PM";"";"Oui";"200";"Non";"Non";"";"";"Import GEO-CAPITALES V1";"";"";"09/10/2026 08:54:33";"09/10/2026 08:54:33";"UserId:11";"UserId:11"
"181";"Adamstown";"ID-GEO-CAP-000181";"CAP-PN";"";"Oui";"4";"Non";"Non";"";"";"Import GEO-CAPITALES V1";"";"";"09/10/2026 08:54:34";"09/10/2026 08:54:34";"UserId:11";"UserId:11"
"182";"San Juan";"ID-GEO-CAP-000182";"CAP-PR";"";"Oui";"203";"Non";"Non";"";"";"Import GEO-CAPITALES V1";"";"";"09/10/2026 08:54:36";"09/10/2026 08:54:36";"UserId:11";"UserId:11"
"183";"Ramallah";"ID-GEO-CAP-000183";"CAP-PS";"";"Oui";"190";"Non";"Non";"";"";"Import GEO-CAPITALES V1";"";"";"09/10/2026 08:54:37";"09/10/2026 08:54:37";"UserId:11";"UserId:11"
"184";"Lisbon";"ID-GEO-CAP-000184";"CAP-PT";"";"Oui";"113";"Non";"Non";"";"";"Import GEO-CAPITALES V1";"";"";"09/10/2026 08:54:39";"09/10/2026 08:54:39";"UserId:11";"UserId:11"
"185";"Ngerulmud";"ID-GEO-CAP-000185";"CAP-PW";"";"Oui";"155";"Non";"Non";"";"";"Import GEO-CAPITALES V1";"";"";"09/10/2026 08:54:40";"09/10/2026 08:54:40";"UserId:11";"UserId:11"
"186";"Asunción";"ID-GEO-CAP-000186";"CAP-PY";"";"Oui";"17";"Non";"Non";"";"";"Import GEO-CAPITALES V1";"";"";"09/10/2026 08:54:42";"09/10/2026 08:54:42";"UserId:11";"UserId:11"
"187";"Doha";"ID-GEO-CAP-000187";"CAP-QA";"";"Oui";"66";"Non";"Non";"";"";"Import GEO-CAPITALES V1";"";"";"09/10/2026 08:54:43";"09/10/2026 08:54:43";"UserId:11";"UserId:11"
"188";"Saint-Denis";"ID-GEO-CAP-000188";"CAP-RE";"";"Oui";"199";"Non";"Non";"";"";"Import GEO-CAPITALES V1";"";"";"09/10/2026 08:54:45";"09/10/2026 08:54:45";"UserId:11";"UserId:11"
"189";"Bucharest";"ID-GEO-CAP-000189";"CAP-RO";"";"Oui";"42";"Non";"Non";"";"";"Import GEO-CAPITALES V1";"";"";"09/10/2026 08:54:46";"09/10/2026 08:54:46";"UserId:11";"UserId:11"
"190";"Belgrade";"ID-GEO-CAP-000190";"CAP-RS";"";"Oui";"29";"Non";"Non";"";"";"Import GEO-CAPITALES V1";"";"";"09/10/2026 08:54:48";"09/10/2026 08:54:48";"UserId:11";"UserId:11"
"191";"Moscou";"ID-GEO-CAP-000191";"CAP-RU";"";"Oui";"143";"Non";"Non";"";"";"Import GEO-CAPITALES V1";"";"";"09/10/2026 08:54:50";"09/10/2026 08:54:50";"UserId:11";"UserId:11"
"192";"Kigali";"ID-GEO-CAP-000192";"CAP-RW";"";"Oui";"99";"Non";"Non";"";"";"Import GEO-CAPITALES V1";"";"";"09/10/2026 08:54:51";"09/10/2026 08:54:51";"UserId:11";"UserId:11"
"193";"Riyadh";"ID-GEO-CAP-000193";"CAP-SA";"";"Oui";"193";"Non";"Non";"";"";"Import GEO-CAPITALES V1";"";"";"09/10/2026 08:54:53";"09/10/2026 08:54:53";"UserId:11";"UserId:11"
"194";"Honiara";"ID-GEO-CAP-000194";"CAP-SB";"";"Oui";"89";"Non";"Non";"";"";"Import GEO-CAPITALES V1";"";"";"09/10/2026 08:54:54";"09/10/2026 08:54:54";"UserId:11";"UserId:11"
"195";"Victoria";"ID-GEO-CAP-000195";"CAP-SC";"";"Oui";"237";"Non";"Non";"";"";"Import GEO-CAPITALES V1";"";"";"09/10/2026 08:54:56";"09/10/2026 08:54:56";"UserId:11";"UserId:11"
"196";"Khartoum";"ID-GEO-CAP-000196";"CAP-SD";"";"Oui";"98";"Non";"Non";"";"";"Import GEO-CAPITALES V1";"";"";"09/10/2026 08:54:57";"09/10/2026 08:54:57";"UserId:11";"UserId:11"
"197";"Stockholm";"ID-GEO-CAP-000197";"CAP-SE";"";"Oui";"218";"Non";"Non";"";"";"Import GEO-CAPITALES V1";"";"";"09/10/2026 08:54:59";"09/10/2026 08:54:59";"UserId:11";"UserId:11"
"198";"Singapore";"ID-GEO-CAP-000198";"CAP-SG";"";"Oui";"211";"Non";"Non";"";"";"Import GEO-CAPITALES V1";"";"";"09/10/2026 08:55:00";"09/10/2026 08:55:00";"UserId:11";"UserId:11"
"199";"Jamestown";"ID-GEO-CAP-000199";"CAP-SH";"";"Oui";"92";"Non";"Non";"";"";"Import GEO-CAPITALES V1";"";"";"09/10/2026 08:55:02";"09/10/2026 08:55:02";"UserId:11";"UserId:11"
"200";"Ljubljana";"ID-GEO-CAP-000200";"CAP-SI";"";"Oui";"114";"Non";"Non";"";"";"Import GEO-CAPITALES V1";"";"";"09/10/2026 08:55:03";"09/10/2026 08:55:03";"UserId:11";"UserId:11"
"201";"Longyearbyen";"ID-GEO-CAP-000201";"CAP-SJ";"";"Oui";"118";"Non";"Non";"";"";"Import GEO-CAPITALES V1";"";"";"09/10/2026 08:55:06";"09/10/2026 08:55:06";"UserId:11";"UserId:11"
"202";"Bratislava";"ID-GEO-CAP-000202";"CAP-SK";"";"Oui";"38";"Non";"Non";"";"";"Import GEO-CAPITALES V1";"";"";"09/10/2026 08:55:07";"09/10/2026 08:55:07";"UserId:11";"UserId:11"
"203";"Freetown";"ID-GEO-CAP-000203";"CAP-SL";"";"Oui";"75";"Non";"Non";"";"";"Import GEO-CAPITALES V1";"";"";"09/10/2026 08:55:08";"09/10/2026 08:55:08";"UserId:11";"UserId:11"
"204";"City of San Marino";"ID-GEO-CAP-000204";"CAP-SM";"";"Oui";"53";"Non";"Non";"";"";"Import GEO-CAPITALES V1";"";"";"09/10/2026 08:55:10";"09/10/2026 08:55:10";"UserId:11";"UserId:11"
"205";"Dakar";"ID-GEO-CAP-000205";"CAP-SN";"";"Oui";"59";"Non";"Non";"";"";"Import GEO-CAPITALES V1";"";"";"09/10/2026 08:55:11";"09/10/2026 08:55:11";"UserId:11";"UserId:11"
"206";"Mogadishu";"ID-GEO-CAP-000206";"CAP-SO";"";"Oui";"138";"Non";"Non";"";"";"Import GEO-CAPITALES V1";"";"";"09/10/2026 08:55:13";"09/10/2026 08:55:13";"UserId:11";"UserId:11"
"207";"Paramaribo";"ID-GEO-CAP-000207";"CAP-SR";"";"Oui";"171";"Non";"Non";"";"";"Import GEO-CAPITALES V1";"";"";"09/10/2026 08:55:14";"09/10/2026 08:55:14";"UserId:11";"UserId:11"
"208";"Juba";"ID-GEO-CAP-000208";"CAP-SS";"";"Oui";"94";"Non";"Non";"";"";"Import GEO-CAPITALES V1";"";"";"09/10/2026 08:55:16";"09/10/2026 08:55:16";"UserId:11";"UserId:11"
"209";"São Tomé";"ID-GEO-CAP-000209";"CAP-ST";"";"Oui";"208";"Non";"Non";"";"";"Import GEO-CAPITALES V1";"";"";"09/10/2026 08:55:17";"09/10/2026 08:55:17";"UserId:11";"UserId:11"
"210";"San Salvador";"ID-GEO-CAP-000210";"CAP-SV";"";"Oui";"204";"Non";"Non";"";"";"Import GEO-CAPITALES V1";"";"";"09/10/2026 08:55:19";"09/10/2026 08:55:19";"UserId:11";"UserId:11"
"211";"Philipsburg";"ID-GEO-CAP-000211";"CAP-SX";"";"Oui";"174";"Non";"Non";"";"";"Import GEO-CAPITALES V1";"";"";"09/10/2026 08:55:20";"09/10/2026 08:55:20";"UserId:11";"UserId:11"
"212";"Damas";"ID-GEO-CAP-000212";"CAP-SY";"";"Oui";"60";"Non";"Non";"";"";"Import GEO-CAPITALES V1";"";"";"09/10/2026 08:55:22";"09/10/2026 08:55:22";"UserId:11";"UserId:11"
"213";"Lobamba";"ID-GEO-CAP-000213";"CAP-SZ";"";"Oui";"115";"Non";"Non";"";"";"Import GEO-CAPITALES V1";"";"";"09/10/2026 08:55:23";"09/10/2026 08:55:23";"UserId:11";"UserId:11"
"214";"Cockburn Town";"ID-GEO-CAP-000214";"CAP-TC";"";"Oui";"55";"Non";"Non";"";"";"Import GEO-CAPITALES V1";"";"";"09/10/2026 08:55:25";"09/10/2026 08:55:25";"UserId:11";"UserId:11"
"215";"N'Djamena";"ID-GEO-CAP-000215";"CAP-TD";"";"Oui";"145";"Non";"Non";"";"";"Import GEO-CAPITALES V1";"";"";"09/10/2026 08:55:26";"09/10/2026 08:55:26";"UserId:11";"UserId:11"
"216";"ND - Terres australes françaises";"ID-GEO-CAP-000216";"CAP-TF";"";"Oui";"153";"Non";"Non";"";"";"Import GEO-CAPITALES V1";"";"";"09/10/2026 08:55:28";"09/10/2026 08:55:28";"UserId:11";"UserId:11"
"217";"Lomé";"ID-GEO-CAP-000217";"CAP-TG";"";"Oui";"116";"Non";"Non";"";"";"Import GEO-CAPITALES V1";"";"";"09/10/2026 08:55:29";"09/10/2026 08:55:29";"UserId:11";"UserId:11"
"218";"Bangkok";"ID-GEO-CAP-000218";"CAP-TH";"";"Oui";"24";"Non";"Non";"";"";"Import GEO-CAPITALES V1";"";"";"09/10/2026 08:55:31";"09/10/2026 08:55:31";"UserId:11";"UserId:11"
"219";"Dushanbe";"ID-GEO-CAP-000219";"CAP-TJ";"";"Oui";"69";"Non";"Non";"";"";"Import GEO-CAPITALES V1";"";"";"09/10/2026 08:55:32";"09/10/2026 08:55:32";"UserId:11";"UserId:11"
"220";"Fakaofo";"ID-GEO-CAP-000220";"CAP-TK";"";"Oui";"72";"Non";"Non";"";"";"Import GEO-CAPITALES V1";"";"";"09/10/2026 08:55:34";"09/10/2026 08:55:34";"UserId:11";"UserId:11"
"221";"Dili";"ID-GEO-CAP-000221";"CAP-TL";"";"Oui";"63";"Non";"Non";"";"";"Import GEO-CAPITALES V1";"";"";"09/10/2026 08:55:35";"09/10/2026 08:55:35";"UserId:11";"UserId:11"
"222";"Ashgabat";"ID-GEO-CAP-000222";"CAP-TM";"";"Oui";"14";"Non";"Non";"";"";"Import GEO-CAPITALES V1";"";"";"09/10/2026 08:55:37";"09/10/2026 08:55:37";"UserId:11";"UserId:11"
"223";"Tunis";"ID-GEO-CAP-000223";"CAP-TN";"";"Oui";"233";"Non";"Non";"";"";"Import GEO-CAPITALES V1";"";"";"09/10/2026 08:55:38";"09/10/2026 08:55:38";"UserId:11";"UserId:11"
"224";"Nuku'alofa";"ID-GEO-CAP-000224";"CAP-TO";"";"Oui";"160";"Non";"Non";"";"";"Import GEO-CAPITALES V1";"";"";"09/10/2026 08:55:40";"09/10/2026 08:55:40";"UserId:11";"UserId:11"
"225";"Ankara";"ID-GEO-CAP-000225";"CAP-TR";"";"Oui";"11";"Non";"Non";"";"";"Import GEO-CAPITALES V1";"";"";"09/10/2026 08:55:41";"09/10/2026 08:55:41";"UserId:11";"UserId:11"
"226";"Port of Spain";"ID-GEO-CAP-000226";"CAP-TT";"";"Oui";"180";"Non";"Non";"";"";"Import GEO-CAPITALES V1";"";"";"09/10/2026 08:55:43";"09/10/2026 08:55:43";"UserId:11";"UserId:11"
"227";"Funafuti";"ID-GEO-CAP-000227";"CAP-TV";"";"Oui";"76";"Non";"Non";"";"";"Import GEO-CAPITALES V1";"";"";"09/10/2026 08:55:44";"09/10/2026 08:55:44";"UserId:11";"UserId:11"
"228";"Taipei";"ID-GEO-CAP-000228";"CAP-TW";"";"Oui";"222";"Non";"Non";"";"";"Import GEO-CAPITALES V1";"";"";"09/10/2026 08:55:46";"09/10/2026 08:55:46";"UserId:11";"UserId:11"
"229";"Dodoma";"ID-GEO-CAP-000229";"CAP-TZ";"";"Oui";"65";"Non";"Non";"";"";"Import GEO-CAPITALES V1";"";"";"09/10/2026 08:55:47";"09/10/2026 08:55:47";"UserId:11";"UserId:11"
"230";"Kyiv";"ID-GEO-CAP-000230";"CAP-UA";"";"Oui";"108";"Non";"Non";"";"";"Import GEO-CAPITALES V1";"";"";"09/10/2026 08:55:48";"09/10/2026 08:55:48";"UserId:11";"UserId:11"
"231";"Kampala";"ID-GEO-CAP-000231";"CAP-UG";"";"Oui";"96";"Non";"Non";"";"";"Import GEO-CAPITALES V1";"";"";"09/10/2026 08:55:50";"09/10/2026 08:55:50";"UserId:11";"UserId:11"
"232";"ND - Îles mineures éloignées des États-Unis";"ID-GEO-CAP-000232";"CAP-UM";"";"Oui";"152";"Non";"Non";"";"";"Import GEO-CAPITALES V1";"";"";"09/10/2026 08:55:52";"09/10/2026 08:55:52";"UserId:11";"UserId:11"
"233";"Washington";"ID-GEO-CAP-000233";"CAP-US";"";"Oui";"241";"Non";"Non";"";"";"Import GEO-CAPITALES V1";"";"";"09/10/2026 08:55:53";"09/10/2026 08:55:53";"UserId:11";"UserId:11"
"234";"Montevideo";"ID-GEO-CAP-000234";"CAP-UY";"";"Oui";"141";"Non";"Non";"";"";"Import GEO-CAPITALES V1";"";"";"09/10/2026 08:55:55";"09/10/2026 08:55:55";"UserId:11";"UserId:11"
"235";"Tachkent";"ID-GEO-CAP-000235";"CAP-UZ";"";"Oui";"221";"Non";"Non";"";"";"Import GEO-CAPITALES V1";"";"";"09/10/2026 08:55:56";"09/10/2026 08:55:56";"UserId:11";"UserId:11"
"236";"Cité du Vatican";"ID-GEO-CAP-000236";"CAP-VA";"";"Oui";"52";"Non";"Non";"";"";"Import GEO-CAPITALES V1";"";"";"09/10/2026 08:55:58";"09/10/2026 08:55:58";"UserId:11";"UserId:11"
"237";"Kingstown";"ID-GEO-CAP-000237";"CAP-VC";"";"Oui";"103";"Non";"Non";"";"";"Import GEO-CAPITALES V1";"";"";"09/10/2026 08:55:59";"09/10/2026 08:55:59";"UserId:11";"UserId:11"
"238";"Caracas";"ID-GEO-CAP-000238";"CAP-VE";"";"Oui";"47";"Non";"Non";"";"";"Import GEO-CAPITALES V1";"";"";"09/10/2026 08:56:01";"09/10/2026 08:56:01";"UserId:11";"UserId:11"
"239";"Road Town";"ID-GEO-CAP-000239";"CAP-VG";"";"Oui";"194";"Non";"Non";"";"";"Import GEO-CAPITALES V1";"";"";"09/10/2026 08:56:02";"09/10/2026 08:56:02";"UserId:11";"UserId:11"
"240";"Charlotte-Amélie";"ID-GEO-CAP-000240";"CAP-VI";"";"Oui";"50";"Non";"Non";"";"";"Import GEO-CAPITALES V1";"";"";"09/10/2026 08:56:04";"09/10/2026 08:56:04";"UserId:11";"UserId:11"
"241";"Hanoi";"ID-GEO-CAP-000241";"CAP-VN";"";"Oui";"85";"Non";"Non";"";"";"Import GEO-CAPITALES V1";"";"";"09/10/2026 08:56:05";"09/10/2026 08:56:05";"UserId:11";"UserId:11"
"242";"Port Vila";"ID-GEO-CAP-000242";"CAP-VU";"";"Oui";"181";"Non";"Non";"";"";"Import GEO-CAPITALES V1";"";"";"09/10/2026 08:56:07";"09/10/2026 08:56:07";"UserId:11";"UserId:11"
"243";"Mata-Utu";"ID-GEO-CAP-000243";"CAP-WF";"";"Oui";"135";"Non";"Non";"";"";"Import GEO-CAPITALES V1";"";"";"09/10/2026 08:56:08";"09/10/2026 08:56:08";"UserId:11";"UserId:11"
"244";"Apia";"ID-GEO-CAP-000244";"CAP-WS";"";"Oui";"13";"Non";"Non";"";"";"Import GEO-CAPITALES V1";"";"";"09/10/2026 08:56:10";"09/10/2026 08:56:10";"UserId:11";"UserId:11"
"245";"Sana'a";"ID-GEO-CAP-000245";"CAP-YE";"";"Oui";"205";"Non";"Non";"";"";"Import GEO-CAPITALES V1";"";"";"09/10/2026 08:56:11";"09/10/2026 08:56:11";"UserId:11";"UserId:11"
"246";"Mamoudzou";"ID-GEO-CAP-000246";"CAP-YT";"";"Oui";"127";"Non";"Non";"";"";"Import GEO-CAPITALES V1";"";"";"09/10/2026 08:56:13";"09/10/2026 08:56:13";"UserId:11";"UserId:11"
"247";"Pretoria";"ID-GEO-CAP-000247";"CAP-ZA";"";"Oui";"186";"Non";"Non";"";"";"Import GEO-CAPITALES V1";"";"";"09/10/2026 08:56:14";"09/10/2026 08:56:14";"UserId:11";"UserId:11"
"248";"Lusaka";"ID-GEO-CAP-000248";"CAP-ZM";"";"Oui";"120";"Non";"Non";"";"";"Import GEO-CAPITALES V1";"";"";"09/10/2026 08:56:16";"09/10/2026 08:56:16";"UserId:11";"UserId:11"
"249";"Harare";"ID-GEO-CAP-000249";"CAP-ZW";"";"Oui";"86";"Non";"Non";"";"";"Import GEO-CAPITALES V1";"";"";"09/10/2026 08:56:17";"09/10/2026 08:56:17";"UserId:11";"UserId:11"