Titre - Galerie;ID OBJ Galerie;Code Galerie;Règne;Type Galerie;Description Galerie;Nombre Médias Conseillé;Génération IA Autorisée;Actif;Ordre Affichage;Validation DSE
Identification;ID-OBJ-GAL-000001;IDENTIFICATION;ANIMAL;STANDARD;Vues générales permettant d’identifier clairement le sujet.;6;Oui;Oui;10;Non
Adulte;ID-OBJ-GAL-000002;ADULTE;ANIMAL;STANDARD;Représentations du sujet à l’âge adulte.;5;Oui;Oui;20;Non
Jeunes;ID-OBJ-GAL-000003;JEUNES;ANIMAL;STANDARD;Représentations des petits et des différents stades de jeunesse.;6;Oui;Oui;30;Non
Famille;ID-OBJ-GAL-000004;FAMILLE;ANIMAL;STANDARD;Représentations des groupes familiaux et interactions adaptées au sujet.;5;Oui;Oui;40;Non
Habitat;ID-OBJ-GAL-000005;HABITAT;ANIMAL;STANDARD;Milieux naturels tanières nids abris et territoires du sujet.;8;Oui;Oui;50;Non
Nourriture;ID-OBJ-GAL-000006;NOURRITURE;ANIMAL;STANDARD;Aliments régimes alimentaires recherche de nourriture et alimentation.;8;Oui;Oui;60;Non
Prédateurs et menaces;ID-OBJ-GAL-000007;PREDATEURS-MENACES;ANIMAL;EDUCATION;Prédateurs naturels dangers et menaces environnementales.;5;Oui;Oui;70;Non
Anatomie;ID-OBJ-GAL-000008;ANATOMIE;ANIMAL;EDUCATION;Morphologie externe et vues anatomiques éducatives non choquantes.;8;Oui;Oui;80;Non
Squelette;ID-OBJ-GAL-000009;SQUELETTE;ANIMAL;EDUCATION;Représentations éducatives du squelette et des principaux os.;6;Oui;Oui;90;Non
Crâne et dentition;ID-OBJ-GAL-000010;CRANE-DENTITION;ANIMAL;EDUCATION;Représentations éducatives du crâne des mâchoires et de la dentition.;5;Oui;Oui;100;Non
Empreintes;ID-OBJ-GAL-000011;EMPREINTES;ANIMAL;EDUCATION;Empreintes traces et indices de présence du sujet.;5;Oui;Oui;110;Non
Reproduction;ID-OBJ-GAL-000012;REPRODUCTION;ANIMAL;EDUCATION;Cycle reproductif présenté de manière scientifique et non explicite.;4;Oui;Oui;120;Non
Cycle de vie;ID-OBJ-GAL-000013;CYCLE-DE-VIE;ANIMAL;EDUCATION;Étapes principales du développement et du cycle de vie.;8;Oui;Oui;130;Non
Comportement;ID-OBJ-GAL-000014;COMPORTEMENT;ANIMAL;STANDARD;Comportements sociaux déplacements repos chasse ou communication.;8;Oui;Oui;140;Non
Plante entière;ID-OBJ-GAL-000015;PLANTE-ENTIERE;VEGETAL;STANDARD;Représentations complètes du végétal dans son contexte naturel.;6;Oui;Oui;200;Non
Feuilles;ID-OBJ-GAL-000016;FEUILLES;VEGETAL;DETAIL;Formes couleurs nervures et évolution saisonnière des feuilles.;6;Oui;Oui;210;Non
Fleurs;ID-OBJ-GAL-000017;FLEURS;VEGETAL;DETAIL;Fleurs boutons floraison et détails botaniques.;8;Oui;Oui;220;Non
Fruits;ID-OBJ-GAL-000018;FRUITS;VEGETAL;DETAIL;Fruits et stades de maturation associés au végétal.;6;Oui;Oui;230;Non
Graines;ID-OBJ-GAL-000019;GRAINES;VEGETAL;DETAIL;Graines fruits secs et mécanismes de dispersion.;5;Oui;Oui;240;Non
Racines;ID-OBJ-GAL-000020;RACINES;VEGETAL;EDUCATION;Systèmes racinaires et représentations botaniques éducatives.;5;Oui;Oui;250;Non
Croissance végétale;ID-OBJ-GAL-000021;CROISSANCE-VEGETALE;VEGETAL;EDUCATION;Germination croissance floraison fructification et vieillissement.;8;Oui;Oui;260;Non
Utilisations végétales;ID-OBJ-GAL-000022;UTILISATIONS-VEGETALES;VEGETAL;USAGE;Usages alimentaires artisanaux décoratifs ou industriels documentés.;6;Oui;Oui;270;Non
Aspect champignon;ID-OBJ-GAL-000023;ASPECT-CHAMPIGNON;CHAMPIGNON;STANDARD;Vue générale et caractéristiques visuelles du champignon.;6;Oui;Oui;300;Non
Chapeau;ID-OBJ-GAL-000024;CHAPEAU;CHAMPIGNON;DETAIL;Forme texture couleur et évolution du chapeau.;5;Oui;Oui;310;Non
Pied et lamelles;ID-OBJ-GAL-000025;PIED-LAMELLES;CHAMPIGNON;DETAIL;Pied lamelles tubes pores et autres structures visibles.;6;Oui;Oui;320;Non
Spores;ID-OBJ-GAL-000026;SPORES;CHAMPIGNON;EDUCATION;Représentations éducatives des spores et de leur dispersion.;5;Oui;Oui;330;Non
Comestibilité et toxicité;ID-OBJ-GAL-000027;COMESTIBILITE-TOXICITE;CHAMPIGNON;EDUCATION;Contenus éducatifs prudents sur la comestibilité et les risques.;4;Oui;Oui;340;Non
Aspect minéral;ID-OBJ-GAL-000028;ASPECT-MINERAL;MINERAL;STANDARD;Vue générale du minéral de la roche du métal ou de la gemme.;6;Oui;Oui;400;Non
Cristaux;ID-OBJ-GAL-000029;CRISTAUX;MINERAL;DETAIL;Formes cristallines structures et agrégats.;8;Oui;Oui;410;Non
Couleurs minérales;ID-OBJ-GAL-000030;COULEURS-MINERALES;MINERAL;DETAIL;Variations de couleurs transparence éclat et textures.;6;Oui;Oui;420;Non
Composition;ID-OBJ-GAL-000031;COMPOSITION;MINERAL;EDUCATION;Composition et structure présentées sous forme éducative.;5;Oui;Oui;430;Non
Gisements;ID-OBJ-GAL-000032;GISEMENTS;MINERAL;GEOGRAPHIE;Environnements géologiques et zones de présence.;6;Oui;Oui;440;Non
Extraction;ID-OBJ-GAL-000033;EXTRACTION;MINERAL;INDUSTRIE;Méthodes et contextes d’extraction représentés de manière informative.;6;Oui;Oui;450;Non
Utilisations minérales;ID-OBJ-GAL-000034;UTILISATIONS-MINERALES;MINERAL;USAGE;Usages industriels scientifiques artistiques ou décoratifs.;6;Oui;Oui;460;Non
Drapeaux;ID-OBJ-GAL-000035;DRAPEAUX;GEOGRAPHIE;OFFICIEL;Drapeaux et variantes d’aperçu selon les données officielles validées.;4;Oui;Oui;500;Non
Cartes;ID-OBJ-GAL-000036;CARTES;GEOGRAPHIE;CARTOGRAPHIE;Cartes générales administratives physiques et thématiques.;8;Oui;Oui;510;Non
Capitales;ID-OBJ-GAL-000037;CAPITALES;GEOGRAPHIE;VILLE;Vues représentatives des capitales et de leurs lieux emblématiques.;8;Oui;Oui;520;Non
Villes;ID-OBJ-GAL-000038;VILLES;GEOGRAPHIE;VILLE;Vues urbaines représentatives des villes.;8;Oui;Oui;530;Non
Monuments;ID-OBJ-GAL-000039;MONUMENTS;PATRIMOINE;PATRIMOINE;Monuments officiels historiques culturels ou architecturaux.;10;Oui;Oui;540;Non
Paysages;ID-OBJ-GAL-000040;PAYSAGES;GEOGRAPHIE;NATURE;Paysages naturels ruraux littoraux montagneux ou urbains.;10;Oui;Oui;550;Non
Culture;ID-OBJ-GAL-000041;CULTURE;GEOGRAPHIE;CULTURE;Patrimoine traditions arts objets et pratiques culturelles documentées.;8;Oui;Oui;560;Non
Tourisme;ID-OBJ-GAL-000042;TOURISME;GEOGRAPHIE;TOURISME;Vues destinées à la découverte touristique du sujet.;10;Oui;Oui;570;Non
Architecture;ID-OBJ-GAL-000043;ARCHITECTURE;PATRIMOINE;ARCHITECTURE;Vues générales détails structures matériaux et styles architecturaux.;10;Oui;Oui;600;Non
Histoire du patrimoine;ID-OBJ-GAL-000044;HISTOIRE-PATRIMOINE;PATRIMOINE;HISTOIRE;Chronologie construction transformations et événements liés au patrimoine.;8;Oui;Oui;610;Non
Restauration;ID-OBJ-GAL-000045;RESTAURATION;PATRIMOINE;CONSERVATION;Étapes de conservation restauration et mise en valeur.;6;Oui;Oui;620;Non
Vue astronomique;ID-OBJ-GAL-000046;VUE-ASTRONOMIQUE;ASTRONOMIE;STANDARD;Vue générale réaliste ou éducative de l’objet astronomique.;6;Oui;Oui;700;Non
Surface astronomique;ID-OBJ-GAL-000047;SURFACE-ASTRONOMIQUE;ASTRONOMIE;DETAIL;Surface relief cratères et structures visibles.;8;Oui;Oui;710;Non
Orbites;ID-OBJ-GAL-000048;ORBITES;ASTRONOMIE;EDUCATION;Orbites mouvements et relations entre objets astronomiques.;6;Oui;Oui;720;Non
Exploration spatiale;ID-OBJ-GAL-000049;EXPLORATION-SPATIALE;ASTRONOMIE;EXPLORATION;Missions sondes instruments et représentations d’exploration.;8;Oui;Oui;730;Non
Chronologie;ID-OBJ-GAL-000050;CHRONOLOGIE;HISTOIRE;EDUCATION;Frises et séquences chronologiques structurées.;8;Oui;Oui;800;Non
Événements historiques;ID-OBJ-GAL-000051;EVENEMENTS-HISTORIQUES;HISTOIRE;HISTOIRE;Représentations documentées d’événements historiques.;8;Oui;Oui;810;Non
Objets historiques;ID-OBJ-GAL-000052;OBJETS-HISTORIQUES;HISTOIRE;PATRIMOINE;Objets vêtements outils documents et artefacts historiques.;8;Oui;Oui;820;Non
Schémas;ID-OBJ-GAL-000053;SCHEMAS;EDUCATION;EDUCATION;Schémas explicatifs structurés et lisibles.;8;Oui;Oui;900;Non
Fiches pédagogiques;ID-OBJ-GAL-000054;FICHES-PEDAGOGIQUES;EDUCATION;EDUCATION;Supports synthétiques destinés à l’apprentissage.;6;Oui;Oui;910;Non
Présentations;ID-OBJ-GAL-000055;PRESENTATIONS;EDUCATION;EDUCATION;Supports visuels organisés pour une présentation ou une formation.;6;Oui;Oui;920;Non
Aperçus protégés;ID-OBJ-GAL-000056;APERCUS-PROTEGES;MEDIA;PROTECTION;Versions réduites et filigranées destinées à la consultation publique.;4;Oui;Oui;950;Non
Versions client;ID-OBJ-GAL-000057;VERSIONS-CLIENT;MEDIA;PERSONNALISATION;Versions personnalisées avec signature logo texte ou licence client.;4;Oui;Oui;960;Non
Non déterminé;ID-OBJ-GAL-000058;NON-DETERMINE;NON-DETERMINE;CONTROLE;Galerie temporaire pour les médias dont le classement reste à valider.;0;Non;Oui;990;Non
