"DATECONTROLE";"IDRUN";"MODE";"NOMCONTENEUR";"TYPECONTENEUR";"URLREELLE";"STATUTPROPOSE";"CORRESPONDANCE";"IDLSTEXISTANT";"NBELEMENTSREEL";"NBCOLONNESREEL";"NBVUESREEL";"PROPRIETAIREPROPOSE";"EQUIPEPROPOSEE";"ACTIONEXECUTEE";"DETAIL"
"2026-09-12 08:35:27";"DSE-LST-004-20260912-083520";"SIMULATION";"DOC - Documents";"BIBLIOTHEQUE";"https://blogssite.sharepoint.com/sites/Bibliotheque/Documents partages";"MISE A JOUR PROPOSEE";"URL";"LST-000001";"459";"50";"5";"Pascal ZIMMER";"DSE";"AUCUNE";"NBELEMENTS: 458 -> 459"
"2026-09-12 08:35:28";"DSE-LST-004-20260912-083520";"SIMULATION";"DSE - Coffre Ford";"BIBLIOTHEQUE";"https://blogssite.sharepoint.com/sites/Bibliotheque/DSE  Coffre ZIP";"EXCLU";"REGLE DSE-EXC-001";"";"1258";"0";"0";"Pascal ZIMMER";"DSE";"AUCUNE";"DSE - Coffre Ford exclu de tous les audits et de toute modification."
"2026-09-12 08:35:29";"DSE-LST-004-20260912-083520";"SIMULATION";"DSE-AUDITS";"BIBLIOTHEQUE";"https://blogssite.sharepoint.com/sites/Bibliotheque/DSEAUDITS";"NOUVEAU A CREER";"AUCUNE";"";"15";"12";"5";"Pascal ZIMMER";"DSE";"AUCUNE";"Aucune fiche correspondante detectee dans OBJ-LST. Creation proposee uniquement."
"2026-09-12 08:35:31";"DSE-LST-004-20260912-083520";"SIMULATION";"DSE-CSV";"BIBLIOTHEQUE";"https://blogssite.sharepoint.com/sites/Bibliotheque/DSECSV";"NOUVEAU A CREER";"AUCUNE";"";"56";"2";"1";"Pascal ZIMMER";"DSE";"AUCUNE";"Aucune fiche correspondante detectee dans OBJ-LST. Creation proposee uniquement."
"2026-09-12 08:35:33";"DSE-LST-004-20260912-083520";"SIMULATION";"DSE-OUTILS";"BIBLIOTHEQUE";"https://blogssite.sharepoint.com/sites/Bibliotheque/DSEOUTILS";"NOUVEAU A CREER";"AUCUNE";"";"23";"11";"1";"Pascal ZIMMER";"DSE";"AUCUNE";"Aucune fiche correspondante detectee dans OBJ-LST. Creation proposee uniquement."
"2026-09-12 08:35:35";"DSE-LST-004-20260912-083520";"SIMULATION";"OBJ";"LISTE";"https://blogssite.sharepoint.com/sites/Bibliotheque/Lists/OBJ";"DEJA CONFORME";"URL";"LST-000003";"237";"48";"8";"Pascal ZIMMER";"DSE";"AUCUNE";"Aucun ecart technique detecte."
"2026-09-12 08:35:36";"DSE-LST-004-20260912-083520";"SIMULATION";"OBJ-ACT";"LISTE";"https://blogssite.sharepoint.com/sites/Bibliotheque/Lists/OBJACT";"NOUVEAU A CREER";"AUCUNE";"";"0";"18";"1";"Pascal ZIMMER";"DSE";"AUCUNE";"Aucune fiche correspondante detectee dans OBJ-LST. Creation proposee uniquement."
"2026-09-12 08:35:38";"DSE-LST-004-20260912-083520";"SIMULATION";"OBJ-AUDIT";"LISTE";"https://blogssite.sharepoint.com/sites/Bibliotheque/Lists/OBJAUDIT";"DEJA CONFORME";"URL";"LST-000005";"2";"14";"1";"Pascal ZIMMER";"DSE";"AUCUNE";"Aucun ecart technique detecte."
"2026-09-12 08:35:39";"DSE-LST-004-20260912-083520";"SIMULATION";"OBJ-GEO-CAPITALE";"LISTE";"https://blogssite.sharepoint.com/sites/Bibliotheque/Lists/OBJGEOCAPITALE";"DEJA CONFORME";"URL";"LST-000006";"249";"26";"6";"Pascal ZIMMER";"DSE";"AUCUNE";"Aucun ecart technique detecte."
"2026-09-12 08:35:40";"DSE-LST-004-20260912-083520";"SIMULATION";"OBJ-GEO-CONTINENT";"LISTE";"https://blogssite.sharepoint.com/sites/Bibliotheque/Lists/OBJGEOCONTINENT";"DEJA CONFORME";"URL";"LST-000007";"7";"20";"6";"Pascal ZIMMER";"DSE";"AUCUNE";"Aucun ecart technique detecte."
"2026-09-12 08:35:41";"DSE-LST-004-20260912-083520";"SIMULATION";"OBJ-GEO-DEPARTEMENT";"LISTE";"https://blogssite.sharepoint.com/sites/Bibliotheque/Lists/OBJGEODEPARTEMENT";"DEJA CONFORME";"URL";"LST-000008";"101";"32";"6";"Pascal ZIMMER";"DSE";"AUCUNE";"Aucun ecart technique detecte."
"2026-09-12 08:35:42";"DSE-LST-004-20260912-083520";"SIMULATION";"OBJ-GEO-DEVISE";"LISTE";"https://blogssite.sharepoint.com/sites/Bibliotheque/Lists/OBJGEODEVISE";"DEJA CONFORME";"URL";"LST-000009";"154";"21";"6";"Pascal ZIMMER";"DSE";"AUCUNE";"Aucun ecart technique detecte."
"2026-09-12 08:35:43";"DSE-LST-004-20260912-083520";"SIMULATION";"OBJ-GEO-FUSEAU-HORAIRE";"LISTE";"https://blogssite.sharepoint.com/sites/Bibliotheque/Lists/OBJGEOFUSEAUHORAIRE";"DEJA CONFORME";"URL";"LST-000010";"38";"22";"6";"Pascal ZIMMER";"DSE";"AUCUNE";"Aucun ecart technique detecte."
"2026-09-12 08:35:44";"DSE-LST-004-20260912-083520";"SIMULATION";"OBJ-GEO-LANGUE";"LISTE";"https://blogssite.sharepoint.com/sites/Bibliotheque/Lists/OBJGEOLANGUE";"DEJA CONFORME";"URL";"LST-000011";"112";"22";"16";"Pascal ZIMMER";"DSE";"AUCUNE";"Aucun ecart technique detecte."
"2026-09-12 08:35:45";"DSE-LST-004-20260912-083520";"SIMULATION";"OBJ-GEO-NATIONALITE";"LISTE";"https://blogssite.sharepoint.com/sites/Bibliotheque/Lists/OBJGEONATIONALITE";"DEJA CONFORME";"URL";"LST-000012";"249";"26";"6";"Pascal ZIMMER";"DSE";"AUCUNE";"Aucun ecart technique detecte."
"2026-09-12 08:35:46";"DSE-LST-004-20260912-083520";"SIMULATION";"OBJ-GEO-PAYS";"LISTE";"https://blogssite.sharepoint.com/sites/Bibliotheque/Lists/OBJGEOPAYS";"DEJA CONFORME";"URL";"LST-000013";"249";"32";"6";"Pascal ZIMMER";"DSE";"AUCUNE";"Aucun ecart technique detecte."
"2026-09-12 08:35:47";"DSE-LST-004-20260912-083520";"SIMULATION";"OBJ-GEO-REGION";"LISTE";"https://blogssite.sharepoint.com/sites/Bibliotheque/Lists/OBJGEOREGION";"DEJA CONFORME";"URL";"LST-000014";"18";"34";"6";"Pascal ZIMMER";"DSE";"AUCUNE";"Aucun ecart technique detecte."
"2026-09-12 08:35:48";"DSE-LST-004-20260912-083520";"SIMULATION";"OBJ-GEO-SOURCE";"LISTE";"https://blogssite.sharepoint.com/sites/Bibliotheque/Lists/OBJGEOSOURCE";"DEJA CONFORME";"URL";"LST-000015";"6";"32";"4";"Pascal ZIMMER";"DSE";"AUCUNE";"Aucun ecart technique detecte."
"2026-09-12 08:35:49";"DSE-LST-004-20260912-083520";"SIMULATION";"OBJ-GEO-STATUT";"LISTE";"https://blogssite.sharepoint.com/sites/Bibliotheque/Lists/OBJGEOSTATUT";"DEJA CONFORME";"URL";"LST-000016";"22";"21";"6";"Pascal ZIMMER";"DSE";"AUCUNE";"Aucun ecart technique detecte."
"2026-09-12 08:35:50";"DSE-LST-004-20260912-083520";"SIMULATION";"OBJ-GEO-TERRITOIRE";"LISTE";"https://blogssite.sharepoint.com/sites/Bibliotheque/Lists/OBJGEOTERRITOIRE";"DEJA CONFORME";"URL";"LST-000017";"9";"29";"5";"Pascal ZIMMER";"DSE";"AUCUNE";"Aucun ecart technique detecte."
"2026-09-12 08:35:51";"DSE-LST-004-20260912-083520";"SIMULATION";"OBJ-GEO-VILLE";"LISTE";"https://blogssite.sharepoint.com/sites/Bibliotheque/Lists/OBJGEOVILLE";"DEJA CONFORME";"URL";"LST-000018";"34868";"28";"6";"Pascal ZIMMER";"DSE";"AUCUNE";"Aucun ecart technique detecte."
"2026-09-12 08:35:53";"DSE-LST-004-20260912-083520";"SIMULATION";"OBJ-GEO-ZONE";"LISTE";"https://blogssite.sharepoint.com/sites/Bibliotheque/Lists/OBJGEOZONE";"DEJA CONFORME";"URL";"LST-000019";"35";"19";"5";"Pascal ZIMMER";"DSE";"AUCUNE";"Aucun ecart technique detecte."
"2026-09-12 08:35:54";"DSE-LST-004-20260912-083520";"SIMULATION";"OBJ-JRN";"LISTE";"https://blogssite.sharepoint.com/sites/Bibliotheque/Lists/OBJJRN";"MISE A JOUR PROPOSEE";"URL";"LST-000020";"700";"16";"1";"Pascal ZIMMER";"DSE";"AUCUNE";"NBELEMENTS: 253 -> 700"
"2026-09-12 08:35:55";"DSE-LST-004-20260912-083520";"SIMULATION";"OBJ-JRN-GEO";"LISTE";"https://blogssite.sharepoint.com/sites/Bibliotheque/Lists/OBJJRNGEO";"DEJA CONFORME";"URL";"LST-000021";"74";"25";"1";"Pascal ZIMMER";"DSE";"AUCUNE";"Aucun ecart technique detecte."
"2026-09-12 08:35:57";"DSE-LST-004-20260912-083520";"SIMULATION";"OBJ-LST";"LISTE";"https://blogssite.sharepoint.com/sites/Bibliotheque/Lists/OBJLST";"NOUVEAU A CREER";"AUCUNE";"";"52";"20";"8";"Pascal ZIMMER";"DSE";"AUCUNE";"Aucune fiche correspondante detectee dans OBJ-LST. Creation proposee uniquement."
"2026-09-12 08:35:58";"DSE-LST-004-20260912-083520";"SIMULATION";"OBJ-MODULE";"LISTE";"https://blogssite.sharepoint.com/sites/Bibliotheque/Lists/OBJMODULE";"DEJA CONFORME";"URL";"LST-000022";"0";"0";"1";"Pascal ZIMMER";"DSE";"AUCUNE";"Aucun ecart technique detecte."
"2026-09-12 08:35:59";"DSE-LST-004-20260912-083520";"SIMULATION";"OBJ-ORG";"LISTE";"https://blogssite.sharepoint.com/sites/Bibliotheque/Lists/OBJORG";"DEJA CONFORME";"URL";"LST-000023";"4";"23";"10";"Pascal ZIMMER";"DSE";"AUCUNE";"Aucun ecart technique detecte."
"2026-09-12 08:36:00";"DSE-LST-004-20260912-083520";"SIMULATION";"OBJ-ORG-COMPTE";"LISTE";"https://blogssite.sharepoint.com/sites/Bibliotheque/Lists/OBJORGCOMPTE";"DEJA CONFORME";"URL";"LST-000024";"4";"16";"4";"Pascal ZIMMER";"DSE";"AUCUNE";"Aucun ecart technique detecte."
"2026-09-12 08:36:02";"DSE-LST-004-20260912-083520";"SIMULATION";"OBJ-ORG-CONTACT";"LISTE";"https://blogssite.sharepoint.com/sites/Bibliotheque/Lists/OBJORGCONTACT";"DEJA CONFORME";"URL";"LST-000025";"2";"20";"4";"Pascal ZIMMER";"DSE";"AUCUNE";"Aucun ecart technique detecte."
"2026-09-12 08:36:03";"DSE-LST-004-20260912-083520";"SIMULATION";"OBJ-PWS";"LISTE";"https://blogssite.sharepoint.com/sites/Bibliotheque/Lists/OBJPWS";"DEJA CONFORME";"URL";"LST-000026";"0";"0";"1";"Pascal ZIMMER";"DSE";"AUCUNE";"Aucun ecart technique detecte."
"2026-09-12 08:36:04";"DSE-LST-004-20260912-083520";"SIMULATION";"OBJ-REF-00";"LISTE";"https://blogssite.sharepoint.com/sites/Bibliotheque/Lists/OBJREF00";"DEJA CONFORME";"URL";"LST-000027";"22";"5";"4";"Pascal ZIMMER";"DSE";"AUCUNE";"Aucun ecart technique detecte."
"2026-09-12 08:36:05";"DSE-LST-004-20260912-083520";"SIMULATION";"OBJ-REF-10";"LISTE";"https://blogssite.sharepoint.com/sites/Bibliotheque/Lists/OBJREF10";"DEJA CONFORME";"URL";"LST-000028";"49";"10";"1";"Pascal ZIMMER";"DSE";"AUCUNE";"Aucun ecart technique detecte."
"2026-09-12 08:36:06";"DSE-LST-004-20260912-083520";"SIMULATION";"OBJ-REF-20";"LISTE";"https://blogssite.sharepoint.com/sites/Bibliotheque/Lists/OBJREF20";"DEJA CONFORME";"URL";"LST-000029";"17";"14";"1";"Pascal ZIMMER";"DSE";"AUCUNE";"Aucun ecart technique detecte."
"2026-09-12 08:36:07";"DSE-LST-004-20260912-083520";"SIMULATION";"OBJ-REF-30";"LISTE";"https://blogssite.sharepoint.com/sites/Bibliotheque/Lists/OBJREF30";"DEJA CONFORME";"URL";"LST-000030";"20";"14";"1";"Pascal ZIMMER";"DSE";"AUCUNE";"Aucun ecart technique detecte."
"2026-09-12 08:36:08";"DSE-LST-004-20260912-083520";"SIMULATION";"OBJ-REF-40";"LISTE";"https://blogssite.sharepoint.com/sites/Bibliotheque/Lists/OBJREF40";"DEJA CONFORME";"URL";"LST-000031";"18";"14";"1";"Pascal ZIMMER";"DSE";"AUCUNE";"Aucun ecart technique detecte."
"2026-09-12 08:36:09";"DSE-LST-004-20260912-083520";"SIMULATION";"OBJ-REF-50";"LISTE";"https://blogssite.sharepoint.com/sites/Bibliotheque/Lists/OBJREF50";"DEJA CONFORME";"URL";"LST-000032";"11";"14";"1";"Pascal ZIMMER";"DSE";"AUCUNE";"Aucun ecart technique detecte."
"2026-09-12 08:36:10";"DSE-LST-004-20260912-083520";"SIMULATION";"OBJ-REF-60";"LISTE";"https://blogssite.sharepoint.com/sites/Bibliotheque/Lists/OBJREF60";"DEJA CONFORME";"URL";"LST-000033";"16";"14";"1";"Pascal ZIMMER";"DSE";"AUCUNE";"Aucun ecart technique detecte."
"2026-09-12 08:36:11";"DSE-LST-004-20260912-083520";"SIMULATION";"OBJ-REF-70";"LISTE";"https://blogssite.sharepoint.com/sites/Bibliotheque/Lists/OBJREF70";"DEJA CONFORME";"URL";"LST-000034";"19";"14";"1";"Pascal ZIMMER";"DSE";"AUCUNE";"Aucun ecart technique detecte."
"2026-09-12 08:36:12";"DSE-LST-004-20260912-083520";"SIMULATION";"OBJ-REF-80";"LISTE";"https://blogssite.sharepoint.com/sites/Bibliotheque/Lists/OBJREF80";"DEJA CONFORME";"URL";"LST-000035";"15";"14";"1";"Pascal ZIMMER";"DSE";"AUCUNE";"Aucun ecart technique detecte."
"2026-09-12 08:36:13";"DSE-LST-004-20260912-083520";"SIMULATION";"OBJ-REF-90";"LISTE";"https://blogssite.sharepoint.com/sites/Bibliotheque/Lists/OBJREF90";"DEJA CONFORME";"URL";"LST-000036";"18";"14";"1";"Pascal ZIMMER";"DSE";"AUCUNE";"Aucun ecart technique detecte."
"2026-09-12 08:36:14";"DSE-LST-004-20260912-083520";"SIMULATION";"OBJ-REF-95";"LISTE";"https://blogssite.sharepoint.com/sites/Bibliotheque/Lists/OBJREF95";"DEJA CONFORME";"URL";"LST-000037";"8";"3";"1";"Pascal ZIMMER";"DSE";"AUCUNE";"Aucun ecart technique detecte."
"2026-09-12 08:36:15";"DSE-LST-004-20260912-083520";"SIMULATION";"OBJ-REF-DOMAINE";"LISTE";"https://blogssite.sharepoint.com/sites/Bibliotheque/Lists/OBJREFDOMAINE";"DEJA CONFORME";"URL";"LST-000038";"14";"4";"1";"Pascal ZIMMER";"DSE";"AUCUNE";"Aucun ecart technique detecte."
"2026-09-12 08:36:16";"DSE-LST-004-20260912-083520";"SIMULATION";"OBJ-REF-LST-STATUT";"LISTE";"https://blogssite.sharepoint.com/sites/Bibliotheque/Lists/OBJREFLSTSTATUT";"DEJA CONFORME";"URL";"LST-000039";"7";"4";"1";"Pascal ZIMMER";"DSE";"AUCUNE";"Aucun ecart technique detecte."
"2026-09-12 08:36:17";"DSE-LST-004-20260912-083520";"SIMULATION";"OBJ-REF-LST-TYPE";"LISTE";"https://blogssite.sharepoint.com/sites/Bibliotheque/Lists/OBJREFLSTTYPE";"DEJA CONFORME";"URL";"LST-000040";"11";"4";"1";"Pascal ZIMMER";"DSE";"AUCUNE";"Aucun ecart technique detecte."
"2026-09-12 08:36:19";"DSE-LST-004-20260912-083520";"SIMULATION";"OBJ-REF-ORG-COMPTE-TYPE";"LISTE";"https://blogssite.sharepoint.com/sites/Bibliotheque/Lists/OBJREFORGCOMPTETYPE";"DEJA CONFORME";"URL";"LST-000041";"11";"4";"2";"Pascal ZIMMER";"DSE";"AUCUNE";"Aucun ecart technique detecte."
"2026-09-12 08:36:20";"DSE-LST-004-20260912-083520";"SIMULATION";"OBJ-REF-ORG-CONTACT-TYPE";"LISTE";"https://blogssite.sharepoint.com/sites/Bibliotheque/Lists/OBJREFORGCONTACTTYPE";"DEJA CONFORME";"URL";"LST-000042";"8";"4";"2";"Pascal ZIMMER";"DSE";"AUCUNE";"Aucun ecart technique detecte."
"2026-09-12 08:36:21";"DSE-LST-004-20260912-083520";"SIMULATION";"OBJ-REF-ORG-SECTEUR";"LISTE";"https://blogssite.sharepoint.com/sites/Bibliotheque/Lists/OBJREFORGSECTEUR";"DEJA CONFORME";"URL";"LST-000043";"9";"4";"2";"Pascal ZIMMER";"DSE";"AUCUNE";"Aucun ecart technique detecte."
"2026-09-12 08:36:22";"DSE-LST-004-20260912-083520";"SIMULATION";"OBJ-REF-ORG-STATUT";"LISTE";"https://blogssite.sharepoint.com/sites/Bibliotheque/Lists/OBJREFORGSTATUT";"DEJA CONFORME";"URL";"LST-000044";"6";"4";"2";"Pascal ZIMMER";"DSE";"AUCUNE";"Aucun ecart technique detecte."
"2026-09-12 08:36:23";"DSE-LST-004-20260912-083520";"SIMULATION";"OBJ-REF-ORG-TYPE";"LISTE";"https://blogssite.sharepoint.com/sites/Bibliotheque/Lists/OBJREFORGTYPE";"DEJA CONFORME";"URL";"LST-000045";"12";"4";"2";"Pascal ZIMMER";"DSE";"AUCUNE";"Aucun ecart technique detecte."
"2026-09-12 08:36:24";"DSE-LST-004-20260912-083520";"SIMULATION";"OBJ-REL";"LISTE";"https://blogssite.sharepoint.com/sites/Bibliotheque/Lists/OBJREL";"DEJA CONFORME";"URL";"LST-000046";"32";"10";"2";"Pascal ZIMMER";"DSE";"AUCUNE";"Aucun ecart technique detecte."
"2026-09-12 08:36:25";"DSE-LST-004-20260912-083520";"SIMULATION";"OBJ-SITE";"LISTE";"https://blogssite.sharepoint.com/sites/Bibliotheque/Lists/OBJSITE";"DEJA CONFORME";"URL";"LST-000047";"0";"0";"1";"Pascal ZIMMER";"DSE";"AUCUNE";"Aucun ecart technique detecte."
"2026-09-12 08:36:26";"DSE-LST-004-20260912-083520";"SIMULATION";"OBJ-STATUT";"LISTE";"https://blogssite.sharepoint.com/sites/Bibliotheque/Lists/OBJSTATUT";"DEJA CONFORME";"URL";"LST-000048";"0";"0";"1";"Pascal ZIMMER";"DSE";"AUCUNE";"Aucun ecart technique detecte."
"2026-09-12 08:36:27";"DSE-LST-004-20260912-083520";"SIMULATION";"Pages";"BIBLIOTHEQUE";"https://blogssite.sharepoint.com/sites/Bibliotheque/SitePages";"DEJA CONFORME";"URL";"LST-000049";"14";"18";"5";"Pascal ZIMMER";"DSE";"AUCUNE";"Aucun ecart technique detecte."
"2026-09-12 08:36:28";"DSE-LST-004-20260912-083520";"SIMULATION";"Pièces jointes";"BIBLIOTHEQUE";"https://blogssite.sharepoint.com/sites/Bibliotheque/SiteAssets";"DEJA CONFORME";"URL";"LST-000050";"20";"3";"1";"Pascal ZIMMER";"DSE";"AUCUNE";"Aucun ecart technique detecte."
"2026-09-12 08:36:30";"DSE-LST-004-20260912-083520";"SIMULATION";"ZZ-ARCHIVE-DSE-AUTRE - Bibliothèque de styles";"BIBLIOTHEQUE";"https://blogssite.sharepoint.com/sites/Bibliotheque/Style Library";"DEJA CONFORME";"URL";"LST-000051";"0";"2";"1";"Pascal ZIMMER";"DSE";"AUCUNE";"Aucun ecart technique detecte."
"2026-09-12 08:36:31";"DSE-LST-004-20260912-083520";"SIMULATION";"ZZ-ARCHIVE-DSE-AUTRE - Modèles de formulaire";"BIBLIOTHEQUE";"https://blogssite.sharepoint.com/sites/Bibliotheque/FormServerTemplates";"DEJA CONFORME";"URL";"LST-000052";"0";"10";"2";"Pascal ZIMMER";"DSE";"AUCUNE";"Aucun ecart technique detecte."
"2026-09-12 08:36:32";"DSE-LST-004-20260912-083520";"SIMULATION";"ZZ-ARCHIVE-DSE-Ressources d’assistant";"BIBLIOTHEQUE";"https://blogssite.sharepoint.com/sites/Bibliotheque/AgentAssets";"DEJA CONFORME";"URL";"LST-000053";"4";"2";"1";"Pascal ZIMMER";"DSE";"AUCUNE";"Aucun ecart technique detecte."
