"id";"Title";"IDGeoDepartement";"CodeDepartement";"DescriptionDepartement";"Actif";"OrdreAffichage";"ValidationDSE";"Verrouille";"ControlePascAra";"AnomalieDetectee";"NotesDSE";"RegionTexte";"PaysTexte";"ContinentTexte";"SourceTexte";"TypeDepartement";"DSELookupRegion";"DSELookupPays";"DSELookupContinent";"OBJREF";"Modified";"Created";"Author";"Editor"
"1";"Ain";"ID-GEO-DEP-000001";"01";"Département français Ain, code officiel géographique 01, rattaché à la région Auvergne-Rhône-Alpes.";"Oui";"10";"Non";"Non";"Non";"Non";"Import GEO-DEPARTEMENTS.csv sans lookup; Operation IMPORT-GEO-DEPARTEMENTS-SANS-LOOKUP-20260910-203023";"Auvergne-Rhône-Alpes";"France";"Europe";"https://www.insee.fr/fr/information/8740222";"METROPOLE";"";"";"";"";"09/10/2026 20:33:12";"09/10/2026 18:30:45";"";""
"2";"Aisne";"ID-GEO-DEP-000002";"02";"Département français Aisne, code officiel géographique 02, rattaché à la région Hauts-de-France.";"Oui";"20";"Non";"Non";"Non";"Non";"Import GEO-DEPARTEMENTS.csv sans lookup; Operation IMPORT-GEO-DEPARTEMENTS-SANS-LOOKUP-20260910-203023";"Hauts-de-France";"France";"Europe";"https://www.insee.fr/fr/information/8740222";"METROPOLE";"";"";"";"";"09/10/2026 20:33:13";"09/10/2026 18:30:45";"";""
"3";"Allier";"ID-GEO-DEP-000003";"03";"Département français Allier, code officiel géographique 03, rattaché à la région Auvergne-Rhône-Alpes.";"Oui";"30";"Non";"Non";"Non";"Non";"Import GEO-DEPARTEMENTS.csv sans lookup; Operation IMPORT-GEO-DEPARTEMENTS-SANS-LOOKUP-20260910-203023";"Auvergne-Rhône-Alpes";"France";"Europe";"https://www.insee.fr/fr/information/8740222";"METROPOLE";"";"";"";"";"09/10/2026 20:33:14";"09/10/2026 18:30:46";"";""
"4";"Alpes-de-Haute-Provence";"ID-GEO-DEP-000004";"04";"Département français Alpes-de-Haute-Provence, code officiel géographique 04, rattaché à la région Provence-Alpes-Côte d’Azur.";"Oui";"40";"Non";"Non";"Non";"Non";"Import GEO-DEPARTEMENTS.csv sans lookup; Operation IMPORT-GEO-DEPARTEMENTS-SANS-LOOKUP-20260910-203023";"Provence-Alpes-Côte d’Azur";"France";"Europe";"https://www.insee.fr/fr/information/8740222";"METROPOLE";"";"";"";"";"09/10/2026 20:33:15";"09/10/2026 18:30:47";"";""
"5";"Hautes-Alpes";"ID-GEO-DEP-000005";"05";"Département français Hautes-Alpes, code officiel géographique 05, rattaché à la région Provence-Alpes-Côte d’Azur.";"Oui";"50";"Non";"Non";"Non";"Non";"Import GEO-DEPARTEMENTS.csv sans lookup; Operation IMPORT-GEO-DEPARTEMENTS-SANS-LOOKUP-20260910-203023";"Provence-Alpes-Côte d’Azur";"France";"Europe";"https://www.insee.fr/fr/information/8740222";"METROPOLE";"";"";"";"";"09/10/2026 20:33:16";"09/10/2026 18:30:48";"";""
"6";"Alpes-Maritimes";"ID-GEO-DEP-000006";"06";"Département français Alpes-Maritimes, code officiel géographique 06, rattaché à la région Provence-Alpes-Côte d’Azur.";"Oui";"60";"Non";"Non";"Non";"Non";"Import GEO-DEPARTEMENTS.csv sans lookup; Operation IMPORT-GEO-DEPARTEMENTS-SANS-LOOKUP-20260910-203023";"Provence-Alpes-Côte d’Azur";"France";"Europe";"https://www.insee.fr/fr/information/8740222";"METROPOLE";"";"";"";"";"09/10/2026 20:33:17";"09/10/2026 18:30:48";"";""
"7";"Ardèche";"ID-GEO-DEP-000007";"07";"Département français Ardèche, code officiel géographique 07, rattaché à la région Auvergne-Rhône-Alpes.";"Oui";"70";"Non";"Non";"Non";"Non";"Import GEO-DEPARTEMENTS.csv sans lookup; Operation IMPORT-GEO-DEPARTEMENTS-SANS-LOOKUP-20260910-203023";"Auvergne-Rhône-Alpes";"France";"Europe";"https://www.insee.fr/fr/information/8740222";"METROPOLE";"";"";"";"";"09/10/2026 20:33:18";"09/10/2026 18:30:49";"";""
"8";"Ardennes";"ID-GEO-DEP-000008";"08";"Département français Ardennes, code officiel géographique 08, rattaché à la région Grand Est.";"Oui";"80";"Non";"Non";"Non";"Non";"Import GEO-DEPARTEMENTS.csv sans lookup; Operation IMPORT-GEO-DEPARTEMENTS-SANS-LOOKUP-20260910-203023";"Grand Est";"France";"Europe";"https://www.insee.fr/fr/information/8740222";"METROPOLE";"";"";"";"";"09/10/2026 20:33:19";"09/10/2026 18:30:50";"";""
"9";"Ariège";"ID-GEO-DEP-000009";"09";"Département français Ariège, code officiel géographique 09, rattaché à la région Occitanie.";"Oui";"90";"Non";"Non";"Non";"Non";"Import GEO-DEPARTEMENTS.csv sans lookup; Operation IMPORT-GEO-DEPARTEMENTS-SANS-LOOKUP-20260910-203023";"Occitanie";"France";"Europe";"https://www.insee.fr/fr/information/8740222";"METROPOLE";"";"";"";"";"09/10/2026 20:33:20";"09/10/2026 18:30:51";"";""
"10";"Aube";"ID-GEO-DEP-000010";"10";"Département français Aube, code officiel géographique 10, rattaché à la région Grand Est.";"Oui";"100";"Non";"Non";"Non";"Non";"Import GEO-DEPARTEMENTS.csv sans lookup; Operation IMPORT-GEO-DEPARTEMENTS-SANS-LOOKUP-20260910-203023";"Grand Est";"France";"Europe";"https://www.insee.fr/fr/information/8740222";"METROPOLE";"";"";"";"";"09/10/2026 20:33:21";"09/10/2026 18:30:51";"";""
"11";"Aude";"ID-GEO-DEP-000011";"11";"Département français Aude, code officiel géographique 11, rattaché à la région Occitanie.";"Oui";"110";"Non";"Non";"Non";"Non";"Import GEO-DEPARTEMENTS.csv sans lookup; Operation IMPORT-GEO-DEPARTEMENTS-SANS-LOOKUP-20260910-203023";"Occitanie";"France";"Europe";"https://www.insee.fr/fr/information/8740222";"METROPOLE";"";"";"";"";"09/10/2026 20:33:22";"09/10/2026 18:30:52";"";""
"12";"Aveyron";"ID-GEO-DEP-000012";"12";"Département français Aveyron, code officiel géographique 12, rattaché à la région Occitanie.";"Oui";"120";"Non";"Non";"Non";"Non";"Import GEO-DEPARTEMENTS.csv sans lookup; Operation IMPORT-GEO-DEPARTEMENTS-SANS-LOOKUP-20260910-203023";"Occitanie";"France";"Europe";"https://www.insee.fr/fr/information/8740222";"METROPOLE";"";"";"";"";"09/10/2026 20:33:23";"09/10/2026 18:30:53";"";""
"13";"Bouches-du-Rhône";"ID-GEO-DEP-000013";"13";"Département français Bouches-du-Rhône, code officiel géographique 13, rattaché à la région Provence-Alpes-Côte d’Azur.";"Oui";"130";"Non";"Non";"Non";"Non";"Import GEO-DEPARTEMENTS.csv sans lookup; Operation IMPORT-GEO-DEPARTEMENTS-SANS-LOOKUP-20260910-203023";"Provence-Alpes-Côte d’Azur";"France";"Europe";"https://www.insee.fr/fr/information/8740222";"METROPOLE";"";"";"";"";"09/10/2026 20:33:25";"09/10/2026 18:30:54";"";""
"14";"Calvados";"ID-GEO-DEP-000014";"14";"Département français Calvados, code officiel géographique 14, rattaché à la région Normandie.";"Oui";"140";"Non";"Non";"Non";"Non";"Import GEO-DEPARTEMENTS.csv sans lookup; Operation IMPORT-GEO-DEPARTEMENTS-SANS-LOOKUP-20260910-203023";"Normandie";"France";"Europe";"https://www.insee.fr/fr/information/8740222";"METROPOLE";"";"";"";"";"09/10/2026 20:33:26";"09/10/2026 18:30:54";"";""
"15";"Cantal";"ID-GEO-DEP-000015";"15";"Département français Cantal, code officiel géographique 15, rattaché à la région Auvergne-Rhône-Alpes.";"Oui";"150";"Non";"Non";"Non";"Non";"Import GEO-DEPARTEMENTS.csv sans lookup; Operation IMPORT-GEO-DEPARTEMENTS-SANS-LOOKUP-20260910-203023";"Auvergne-Rhône-Alpes";"France";"Europe";"https://www.insee.fr/fr/information/8740222";"METROPOLE";"";"";"";"";"09/10/2026 20:33:27";"09/10/2026 18:30:55";"";""
"16";"Charente";"ID-GEO-DEP-000016";"16";"Département français Charente, code officiel géographique 16, rattaché à la région Nouvelle-Aquitaine.";"Oui";"160";"Non";"Non";"Non";"Non";"Import GEO-DEPARTEMENTS.csv sans lookup; Operation IMPORT-GEO-DEPARTEMENTS-SANS-LOOKUP-20260910-203023";"Nouvelle-Aquitaine";"France";"Europe";"https://www.insee.fr/fr/information/8740222";"METROPOLE";"";"";"";"";"09/10/2026 20:33:28";"09/10/2026 18:30:56";"";""
"17";"Charente-Maritime";"ID-GEO-DEP-000017";"17";"Département français Charente-Maritime, code officiel géographique 17, rattaché à la région Nouvelle-Aquitaine.";"Oui";"170";"Non";"Non";"Non";"Non";"Import GEO-DEPARTEMENTS.csv sans lookup; Operation IMPORT-GEO-DEPARTEMENTS-SANS-LOOKUP-20260910-203023";"Nouvelle-Aquitaine";"France";"Europe";"https://www.insee.fr/fr/information/8740222";"METROPOLE";"";"";"";"";"09/10/2026 20:33:29";"09/10/2026 18:30:57";"";""
"18";"Cher";"ID-GEO-DEP-000018";"18";"Département français Cher, code officiel géographique 18, rattaché à la région Centre-Val de Loire.";"Oui";"180";"Non";"Non";"Non";"Non";"Import GEO-DEPARTEMENTS.csv sans lookup; Operation IMPORT-GEO-DEPARTEMENTS-SANS-LOOKUP-20260910-203023";"Centre-Val de Loire";"France";"Europe";"https://www.insee.fr/fr/information/8740222";"METROPOLE";"";"";"";"";"09/10/2026 20:33:30";"09/10/2026 18:30:57";"";""
"19";"Corrèze";"ID-GEO-DEP-000019";"19";"Département français Corrèze, code officiel géographique 19, rattaché à la région Nouvelle-Aquitaine.";"Oui";"190";"Non";"Non";"Non";"Non";"Import GEO-DEPARTEMENTS.csv sans lookup; Operation IMPORT-GEO-DEPARTEMENTS-SANS-LOOKUP-20260910-203023";"Nouvelle-Aquitaine";"France";"Europe";"https://www.insee.fr/fr/information/8740222";"METROPOLE";"";"";"";"";"09/10/2026 20:33:32";"09/10/2026 18:30:58";"";""
"20";"Corse-du-Sud";"ID-GEO-DEP-000020";"2A";"Département français Corse-du-Sud, code officiel géographique 2A, rattaché à la région Corse.";"Oui";"200";"Non";"Non";"Non";"Non";"Import GEO-DEPARTEMENTS.csv sans lookup; Operation IMPORT-GEO-DEPARTEMENTS-SANS-LOOKUP-20260910-203023";"Corse";"France";"Europe";"https://www.insee.fr/fr/information/8740222";"METROPOLE";"";"";"";"";"09/10/2026 20:33:33";"09/10/2026 18:30:59";"";""
"21";"Haute-Corse";"ID-GEO-DEP-000021";"2B";"Département français Haute-Corse, code officiel géographique 2B, rattaché à la région Corse.";"Oui";"210";"Non";"Non";"Non";"Non";"Import GEO-DEPARTEMENTS.csv sans lookup; Operation IMPORT-GEO-DEPARTEMENTS-SANS-LOOKUP-20260910-203023";"Corse";"France";"Europe";"https://www.insee.fr/fr/information/8740222";"METROPOLE";"";"";"";"";"09/10/2026 20:33:33";"09/10/2026 18:31:00";"";""
"22";"Côte-d’Or";"ID-GEO-DEP-000022";"21";"Département français Côte-d’Or, code officiel géographique 21, rattaché à la région Bourgogne-Franche-Comté.";"Oui";"220";"Non";"Non";"Non";"Non";"Import GEO-DEPARTEMENTS.csv sans lookup; Operation IMPORT-GEO-DEPARTEMENTS-SANS-LOOKUP-20260910-203023";"Bourgogne-Franche-Comté";"France";"Europe";"https://www.insee.fr/fr/information/8740222";"METROPOLE";"";"";"";"";"09/10/2026 20:33:34";"09/10/2026 18:31:01";"";""
"23";"Côtes-d’Armor";"ID-GEO-DEP-000023";"22";"Département français Côtes-d’Armor, code officiel géographique 22, rattaché à la région Bretagne.";"Oui";"230";"Non";"Non";"Non";"Non";"Import GEO-DEPARTEMENTS.csv sans lookup; Operation IMPORT-GEO-DEPARTEMENTS-SANS-LOOKUP-20260910-203023";"Bretagne";"France";"Europe";"https://www.insee.fr/fr/information/8740222";"METROPOLE";"";"";"";"";"09/10/2026 20:33:35";"09/10/2026 18:31:01";"";""
"24";"Creuse";"ID-GEO-DEP-000024";"23";"Département français Creuse, code officiel géographique 23, rattaché à la région Nouvelle-Aquitaine.";"Oui";"240";"Non";"Non";"Non";"Non";"Import GEO-DEPARTEMENTS.csv sans lookup; Operation IMPORT-GEO-DEPARTEMENTS-SANS-LOOKUP-20260910-203023";"Nouvelle-Aquitaine";"France";"Europe";"https://www.insee.fr/fr/information/8740222";"METROPOLE";"";"";"";"";"09/10/2026 20:33:36";"09/10/2026 18:31:02";"";""
"25";"Dordogne";"ID-GEO-DEP-000025";"24";"Département français Dordogne, code officiel géographique 24, rattaché à la région Nouvelle-Aquitaine.";"Oui";"250";"Non";"Non";"Non";"Non";"Import GEO-DEPARTEMENTS.csv sans lookup; Operation IMPORT-GEO-DEPARTEMENTS-SANS-LOOKUP-20260910-203023";"Nouvelle-Aquitaine";"France";"Europe";"https://www.insee.fr/fr/information/8740222";"METROPOLE";"";"";"";"";"09/10/2026 20:33:37";"09/10/2026 18:31:03";"";""
"26";"Doubs";"ID-GEO-DEP-000026";"25";"Département français Doubs, code officiel géographique 25, rattaché à la région Bourgogne-Franche-Comté.";"Oui";"260";"Non";"Non";"Non";"Non";"Import GEO-DEPARTEMENTS.csv sans lookup; Operation IMPORT-GEO-DEPARTEMENTS-SANS-LOOKUP-20260910-203023";"Bourgogne-Franche-Comté";"France";"Europe";"https://www.insee.fr/fr/information/8740222";"METROPOLE";"";"";"";"";"09/10/2026 20:33:38";"09/10/2026 18:31:05";"";""
"27";"Drôme";"ID-GEO-DEP-000027";"26";"Département français Drôme, code officiel géographique 26, rattaché à la région Auvergne-Rhône-Alpes.";"Oui";"270";"Non";"Non";"Non";"Non";"Import GEO-DEPARTEMENTS.csv sans lookup; Operation IMPORT-GEO-DEPARTEMENTS-SANS-LOOKUP-20260910-203023";"Auvergne-Rhône-Alpes";"France";"Europe";"https://www.insee.fr/fr/information/8740222";"METROPOLE";"";"";"";"";"09/10/2026 20:33:39";"09/10/2026 18:31:06";"";""
"28";"Eure";"ID-GEO-DEP-000028";"27";"Département français Eure, code officiel géographique 27, rattaché à la région Normandie.";"Oui";"280";"Non";"Non";"Non";"Non";"Import GEO-DEPARTEMENTS.csv sans lookup; Operation IMPORT-GEO-DEPARTEMENTS-SANS-LOOKUP-20260910-203023";"Normandie";"France";"Europe";"https://www.insee.fr/fr/information/8740222";"METROPOLE";"";"";"";"";"09/10/2026 20:33:41";"09/10/2026 18:31:07";"";""
"29";"Eure-et-Loir";"ID-GEO-DEP-000029";"28";"Département français Eure-et-Loir, code officiel géographique 28, rattaché à la région Centre-Val de Loire.";"Oui";"290";"Non";"Non";"Non";"Non";"Import GEO-DEPARTEMENTS.csv sans lookup; Operation IMPORT-GEO-DEPARTEMENTS-SANS-LOOKUP-20260910-203023";"Centre-Val de Loire";"France";"Europe";"https://www.insee.fr/fr/information/8740222";"METROPOLE";"";"";"";"";"09/10/2026 20:33:42";"09/10/2026 18:31:07";"";""
"30";"Finistère";"ID-GEO-DEP-000030";"29";"Département français Finistère, code officiel géographique 29, rattaché à la région Bretagne.";"Oui";"300";"Non";"Non";"Non";"Non";"Import GEO-DEPARTEMENTS.csv sans lookup; Operation IMPORT-GEO-DEPARTEMENTS-SANS-LOOKUP-20260910-203023";"Bretagne";"France";"Europe";"https://www.insee.fr/fr/information/8740222";"METROPOLE";"";"";"";"";"09/10/2026 20:33:43";"09/10/2026 18:31:08";"";""
"31";"Gard";"ID-GEO-DEP-000031";"30";"Département français Gard, code officiel géographique 30, rattaché à la région Occitanie.";"Oui";"310";"Non";"Non";"Non";"Non";"Import GEO-DEPARTEMENTS.csv sans lookup; Operation IMPORT-GEO-DEPARTEMENTS-SANS-LOOKUP-20260910-203023";"Occitanie";"France";"Europe";"https://www.insee.fr/fr/information/8740222";"METROPOLE";"";"";"";"";"09/10/2026 20:33:44";"09/10/2026 18:31:09";"";""
"32";"Haute-Garonne";"ID-GEO-DEP-000032";"31";"Département français Haute-Garonne, code officiel géographique 31, rattaché à la région Occitanie.";"Oui";"320";"Non";"Non";"Non";"Non";"Import GEO-DEPARTEMENTS.csv sans lookup; Operation IMPORT-GEO-DEPARTEMENTS-SANS-LOOKUP-20260910-203023";"Occitanie";"France";"Europe";"https://www.insee.fr/fr/information/8740222";"METROPOLE";"";"";"";"";"09/10/2026 20:33:45";"09/10/2026 18:31:10";"";""
"33";"Gers";"ID-GEO-DEP-000033";"32";"Département français Gers, code officiel géographique 32, rattaché à la région Occitanie.";"Oui";"330";"Non";"Non";"Non";"Non";"Import GEO-DEPARTEMENTS.csv sans lookup; Operation IMPORT-GEO-DEPARTEMENTS-SANS-LOOKUP-20260910-203023";"Occitanie";"France";"Europe";"https://www.insee.fr/fr/information/8740222";"METROPOLE";"";"";"";"";"09/10/2026 20:33:46";"09/10/2026 18:31:11";"";""
"34";"Gironde";"ID-GEO-DEP-000034";"33";"Département français Gironde, code officiel géographique 33, rattaché à la région Nouvelle-Aquitaine.";"Oui";"340";"Non";"Non";"Non";"Non";"Import GEO-DEPARTEMENTS.csv sans lookup; Operation IMPORT-GEO-DEPARTEMENTS-SANS-LOOKUP-20260910-203023";"Nouvelle-Aquitaine";"France";"Europe";"https://www.insee.fr/fr/information/8740222";"METROPOLE";"";"";"";"";"09/10/2026 20:33:47";"09/10/2026 18:31:11";"";""
"35";"Hérault";"ID-GEO-DEP-000035";"34";"Département français Hérault, code officiel géographique 34, rattaché à la région Occitanie.";"Oui";"350";"Non";"Non";"Non";"Non";"Import GEO-DEPARTEMENTS.csv sans lookup; Operation IMPORT-GEO-DEPARTEMENTS-SANS-LOOKUP-20260910-203023";"Occitanie";"France";"Europe";"https://www.insee.fr/fr/information/8740222";"METROPOLE";"";"";"";"";"09/10/2026 20:33:48";"09/10/2026 18:31:12";"";""
"36";"Ille-et-Vilaine";"ID-GEO-DEP-000036";"35";"Département français Ille-et-Vilaine, code officiel géographique 35, rattaché à la région Bretagne.";"Oui";"360";"Non";"Non";"Non";"Non";"Import GEO-DEPARTEMENTS.csv sans lookup; Operation IMPORT-GEO-DEPARTEMENTS-SANS-LOOKUP-20260910-203023";"Bretagne";"France";"Europe";"https://www.insee.fr/fr/information/8740222";"METROPOLE";"";"";"";"";"09/10/2026 20:33:49";"09/10/2026 18:31:13";"";""
"37";"Indre";"ID-GEO-DEP-000037";"36";"Département français Indre, code officiel géographique 36, rattaché à la région Centre-Val de Loire.";"Oui";"370";"Non";"Non";"Non";"Non";"Import GEO-DEPARTEMENTS.csv sans lookup; Operation IMPORT-GEO-DEPARTEMENTS-SANS-LOOKUP-20260910-203023";"Centre-Val de Loire";"France";"Europe";"https://www.insee.fr/fr/information/8740222";"METROPOLE";"";"";"";"";"09/10/2026 20:33:50";"09/10/2026 18:31:14";"";""
"38";"Indre-et-Loire";"ID-GEO-DEP-000038";"37";"Département français Indre-et-Loire, code officiel géographique 37, rattaché à la région Centre-Val de Loire.";"Oui";"380";"Non";"Non";"Non";"Non";"Import GEO-DEPARTEMENTS.csv sans lookup; Operation IMPORT-GEO-DEPARTEMENTS-SANS-LOOKUP-20260910-203023";"Centre-Val de Loire";"France";"Europe";"https://www.insee.fr/fr/information/8740222";"METROPOLE";"";"";"";"";"09/10/2026 20:33:52";"09/10/2026 18:31:14";"";""
"39";"Isère";"ID-GEO-DEP-000039";"38";"Département français Isère, code officiel géographique 38, rattaché à la région Auvergne-Rhône-Alpes.";"Oui";"390";"Non";"Non";"Non";"Non";"Import GEO-DEPARTEMENTS.csv sans lookup; Operation IMPORT-GEO-DEPARTEMENTS-SANS-LOOKUP-20260910-203023";"Auvergne-Rhône-Alpes";"France";"Europe";"https://www.insee.fr/fr/information/8740222";"METROPOLE";"";"";"";"";"09/10/2026 20:33:53";"09/10/2026 18:31:15";"";""
"40";"Jura";"ID-GEO-DEP-000040";"39";"Département français Jura, code officiel géographique 39, rattaché à la région Bourgogne-Franche-Comté.";"Oui";"400";"Non";"Non";"Non";"Non";"Import GEO-DEPARTEMENTS.csv sans lookup; Operation IMPORT-GEO-DEPARTEMENTS-SANS-LOOKUP-20260910-203023";"Bourgogne-Franche-Comté";"France";"Europe";"https://www.insee.fr/fr/information/8740222";"METROPOLE";"";"";"";"";"09/10/2026 20:33:54";"09/10/2026 18:31:16";"";""
"41";"Landes";"ID-GEO-DEP-000041";"40";"Département français Landes, code officiel géographique 40, rattaché à la région Nouvelle-Aquitaine.";"Oui";"410";"Non";"Non";"Non";"Non";"Import GEO-DEPARTEMENTS.csv sans lookup; Operation IMPORT-GEO-DEPARTEMENTS-SANS-LOOKUP-20260910-203023";"Nouvelle-Aquitaine";"France";"Europe";"https://www.insee.fr/fr/information/8740222";"METROPOLE";"";"";"";"";"09/10/2026 20:33:55";"09/10/2026 18:31:17";"";""
"42";"Loir-et-Cher";"ID-GEO-DEP-000042";"41";"Département français Loir-et-Cher, code officiel géographique 41, rattaché à la région Centre-Val de Loire.";"Oui";"420";"Non";"Non";"Non";"Non";"Import GEO-DEPARTEMENTS.csv sans lookup; Operation IMPORT-GEO-DEPARTEMENTS-SANS-LOOKUP-20260910-203023";"Centre-Val de Loire";"France";"Europe";"https://www.insee.fr/fr/information/8740222";"METROPOLE";"";"";"";"";"09/10/2026 20:33:56";"09/10/2026 18:31:17";"";""
"43";"Loire";"ID-GEO-DEP-000043";"42";"Département français Loire, code officiel géographique 42, rattaché à la région Auvergne-Rhône-Alpes.";"Oui";"430";"Non";"Non";"Non";"Non";"Import GEO-DEPARTEMENTS.csv sans lookup; Operation IMPORT-GEO-DEPARTEMENTS-SANS-LOOKUP-20260910-203023";"Auvergne-Rhône-Alpes";"France";"Europe";"https://www.insee.fr/fr/information/8740222";"METROPOLE";"";"";"";"";"09/10/2026 20:33:58";"09/10/2026 18:31:18";"";""
"44";"Haute-Loire";"ID-GEO-DEP-000044";"43";"Département français Haute-Loire, code officiel géographique 43, rattaché à la région Auvergne-Rhône-Alpes.";"Oui";"440";"Non";"Non";"Non";"Non";"Import GEO-DEPARTEMENTS.csv sans lookup; Operation IMPORT-GEO-DEPARTEMENTS-SANS-LOOKUP-20260910-203023";"Auvergne-Rhône-Alpes";"France";"Europe";"https://www.insee.fr/fr/information/8740222";"METROPOLE";"";"";"";"";"09/10/2026 20:33:59";"09/10/2026 18:31:19";"";""
"45";"Loire-Atlantique";"ID-GEO-DEP-000045";"44";"Département français Loire-Atlantique, code officiel géographique 44, rattaché à la région Pays de la Loire.";"Oui";"450";"Non";"Non";"Non";"Non";"Import GEO-DEPARTEMENTS.csv sans lookup; Operation IMPORT-GEO-DEPARTEMENTS-SANS-LOOKUP-20260910-203023";"Pays de la Loire";"France";"Europe";"https://www.insee.fr/fr/information/8740222";"METROPOLE";"";"";"";"";"09/10/2026 20:33:59";"09/10/2026 18:31:19";"";""
"46";"Loiret";"ID-GEO-DEP-000046";"45";"Département français Loiret, code officiel géographique 45, rattaché à la région Centre-Val de Loire.";"Oui";"460";"Non";"Non";"Non";"Non";"Import GEO-DEPARTEMENTS.csv sans lookup; Operation IMPORT-GEO-DEPARTEMENTS-SANS-LOOKUP-20260910-203023";"Centre-Val de Loire";"France";"Europe";"https://www.insee.fr/fr/information/8740222";"METROPOLE";"";"";"";"";"09/10/2026 20:34:00";"09/10/2026 18:31:20";"";""
"47";"Lot";"ID-GEO-DEP-000047";"46";"Département français Lot, code officiel géographique 46, rattaché à la région Occitanie.";"Oui";"470";"Non";"Non";"Non";"Non";"Import GEO-DEPARTEMENTS.csv sans lookup; Operation IMPORT-GEO-DEPARTEMENTS-SANS-LOOKUP-20260910-203023";"Occitanie";"France";"Europe";"https://www.insee.fr/fr/information/8740222";"METROPOLE";"";"";"";"";"09/10/2026 20:34:01";"09/10/2026 18:31:21";"";""
"48";"Lot-et-Garonne";"ID-GEO-DEP-000048";"47";"Département français Lot-et-Garonne, code officiel géographique 47, rattaché à la région Nouvelle-Aquitaine.";"Oui";"480";"Non";"Non";"Non";"Non";"Import GEO-DEPARTEMENTS.csv sans lookup; Operation IMPORT-GEO-DEPARTEMENTS-SANS-LOOKUP-20260910-203023";"Nouvelle-Aquitaine";"France";"Europe";"https://www.insee.fr/fr/information/8740222";"METROPOLE";"";"";"";"";"09/10/2026 20:34:02";"09/10/2026 18:31:22";"";""
"49";"Lozère";"ID-GEO-DEP-000049";"48";"Département français Lozère, code officiel géographique 48, rattaché à la région Occitanie.";"Oui";"490";"Non";"Non";"Non";"Non";"Import GEO-DEPARTEMENTS.csv sans lookup; Operation IMPORT-GEO-DEPARTEMENTS-SANS-LOOKUP-20260910-203023";"Occitanie";"France";"Europe";"https://www.insee.fr/fr/information/8740222";"METROPOLE";"";"";"";"";"09/10/2026 20:34:03";"09/10/2026 18:31:22";"";""
"50";"Maine-et-Loire";"ID-GEO-DEP-000050";"49";"Département français Maine-et-Loire, code officiel géographique 49, rattaché à la région Pays de la Loire.";"Oui";"500";"Non";"Non";"Non";"Non";"Import GEO-DEPARTEMENTS.csv sans lookup; Operation IMPORT-GEO-DEPARTEMENTS-SANS-LOOKUP-20260910-203023";"Pays de la Loire";"France";"Europe";"https://www.insee.fr/fr/information/8740222";"METROPOLE";"";"";"";"";"09/10/2026 20:34:04";"09/10/2026 18:31:23";"";""
"51";"Manche";"ID-GEO-DEP-000051";"50";"Département français Manche, code officiel géographique 50, rattaché à la région Normandie.";"Oui";"510";"Non";"Non";"Non";"Non";"Import GEO-DEPARTEMENTS.csv sans lookup; Operation IMPORT-GEO-DEPARTEMENTS-SANS-LOOKUP-20260910-203023";"Normandie";"France";"Europe";"https://www.insee.fr/fr/information/8740222";"METROPOLE";"";"";"";"";"09/10/2026 20:34:05";"09/10/2026 18:31:26";"";""
"52";"Marne";"ID-GEO-DEP-000052";"51";"Département français Marne, code officiel géographique 51, rattaché à la région Grand Est.";"Oui";"520";"Non";"Non";"Non";"Non";"Import GEO-DEPARTEMENTS.csv sans lookup; Operation IMPORT-GEO-DEPARTEMENTS-SANS-LOOKUP-20260910-203023";"Grand Est";"France";"Europe";"https://www.insee.fr/fr/information/8740222";"METROPOLE";"";"";"";"";"09/10/2026 20:34:06";"09/10/2026 18:31:28";"";""
"53";"Haute-Marne";"ID-GEO-DEP-000053";"52";"Département français Haute-Marne, code officiel géographique 52, rattaché à la région Grand Est.";"Oui";"530";"Non";"Non";"Non";"Non";"Import GEO-DEPARTEMENTS.csv sans lookup; Operation IMPORT-GEO-DEPARTEMENTS-SANS-LOOKUP-20260910-203023";"Grand Est";"France";"Europe";"https://www.insee.fr/fr/information/8740222";"METROPOLE";"";"";"";"";"09/10/2026 20:34:07";"09/10/2026 18:31:28";"";""
"54";"Mayenne";"ID-GEO-DEP-000054";"53";"Département français Mayenne, code officiel géographique 53, rattaché à la région Pays de la Loire.";"Oui";"540";"Non";"Non";"Non";"Non";"Import GEO-DEPARTEMENTS.csv sans lookup; Operation IMPORT-GEO-DEPARTEMENTS-SANS-LOOKUP-20260910-203023";"Pays de la Loire";"France";"Europe";"https://www.insee.fr/fr/information/8740222";"METROPOLE";"";"";"";"";"09/10/2026 20:34:09";"09/10/2026 18:31:29";"";""
"55";"Meurthe-et-Moselle";"ID-GEO-DEP-000055";"54";"Département français Meurthe-et-Moselle, code officiel géographique 54, rattaché à la région Grand Est.";"Oui";"550";"Non";"Non";"Non";"Non";"Import GEO-DEPARTEMENTS.csv sans lookup; Operation IMPORT-GEO-DEPARTEMENTS-SANS-LOOKUP-20260910-203023";"Grand Est";"France";"Europe";"https://www.insee.fr/fr/information/8740222";"METROPOLE";"";"";"";"";"09/10/2026 20:34:10";"09/10/2026 18:31:30";"";""
"56";"Meuse";"ID-GEO-DEP-000056";"55";"Département français Meuse, code officiel géographique 55, rattaché à la région Grand Est.";"Oui";"560";"Non";"Non";"Non";"Non";"Import GEO-DEPARTEMENTS.csv sans lookup; Operation IMPORT-GEO-DEPARTEMENTS-SANS-LOOKUP-20260910-203023";"Grand Est";"France";"Europe";"https://www.insee.fr/fr/information/8740222";"METROPOLE";"";"";"";"";"09/10/2026 20:34:11";"09/10/2026 18:31:30";"";""
"57";"Morbihan";"ID-GEO-DEP-000057";"56";"Département français Morbihan, code officiel géographique 56, rattaché à la région Bretagne.";"Oui";"570";"Non";"Non";"Non";"Non";"Import GEO-DEPARTEMENTS.csv sans lookup; Operation IMPORT-GEO-DEPARTEMENTS-SANS-LOOKUP-20260910-203023";"Bretagne";"France";"Europe";"https://www.insee.fr/fr/information/8740222";"METROPOLE";"";"";"";"";"09/10/2026 20:34:12";"09/10/2026 18:31:31";"";""
"58";"Moselle";"ID-GEO-DEP-000058";"57";"Département français Moselle, code officiel géographique 57, rattaché à la région Grand Est.";"Oui";"580";"Non";"Non";"Non";"Non";"Import GEO-DEPARTEMENTS.csv sans lookup; Operation IMPORT-GEO-DEPARTEMENTS-SANS-LOOKUP-20260910-203023";"Grand Est";"France";"Europe";"https://www.insee.fr/fr/information/8740222";"METROPOLE";"";"";"";"";"09/10/2026 20:34:14";"09/10/2026 18:31:32";"";""
"59";"Nièvre";"ID-GEO-DEP-000059";"58";"Département français Nièvre, code officiel géographique 58, rattaché à la région Bourgogne-Franche-Comté.";"Oui";"590";"Non";"Non";"Non";"Non";"Import GEO-DEPARTEMENTS.csv sans lookup; Operation IMPORT-GEO-DEPARTEMENTS-SANS-LOOKUP-20260910-203023";"Bourgogne-Franche-Comté";"France";"Europe";"https://www.insee.fr/fr/information/8740222";"METROPOLE";"";"";"";"";"09/10/2026 20:34:14";"09/10/2026 18:31:33";"";""
"60";"Nord";"ID-GEO-DEP-000060";"59";"Département français Nord, code officiel géographique 59, rattaché à la région Hauts-de-France.";"Oui";"600";"Non";"Non";"Non";"Non";"Import GEO-DEPARTEMENTS.csv sans lookup; Operation IMPORT-GEO-DEPARTEMENTS-SANS-LOOKUP-20260910-203023";"Hauts-de-France";"France";"Europe";"https://www.insee.fr/fr/information/8740222";"METROPOLE";"";"";"";"";"09/10/2026 20:34:15";"09/10/2026 18:31:34";"";""
"61";"Oise";"ID-GEO-DEP-000061";"60";"Département français Oise, code officiel géographique 60, rattaché à la région Hauts-de-France.";"Oui";"610";"Non";"Non";"Non";"Non";"Import GEO-DEPARTEMENTS.csv sans lookup; Operation IMPORT-GEO-DEPARTEMENTS-SANS-LOOKUP-20260910-203023";"Hauts-de-France";"France";"Europe";"https://www.insee.fr/fr/information/8740222";"METROPOLE";"";"";"";"";"09/10/2026 20:34:16";"09/10/2026 18:31:35";"";""
"62";"Orne";"ID-GEO-DEP-000062";"61";"Département français Orne, code officiel géographique 61, rattaché à la région Normandie.";"Oui";"620";"Non";"Non";"Non";"Non";"Import GEO-DEPARTEMENTS.csv sans lookup; Operation IMPORT-GEO-DEPARTEMENTS-SANS-LOOKUP-20260910-203023";"Normandie";"France";"Europe";"https://www.insee.fr/fr/information/8740222";"METROPOLE";"";"";"";"";"09/10/2026 20:34:17";"09/10/2026 18:31:36";"";""
"63";"Pas-de-Calais";"ID-GEO-DEP-000063";"62";"Département français Pas-de-Calais, code officiel géographique 62, rattaché à la région Hauts-de-France.";"Oui";"630";"Non";"Non";"Non";"Non";"Import GEO-DEPARTEMENTS.csv sans lookup; Operation IMPORT-GEO-DEPARTEMENTS-SANS-LOOKUP-20260910-203023";"Hauts-de-France";"France";"Europe";"https://www.insee.fr/fr/information/8740222";"METROPOLE";"";"";"";"";"09/10/2026 20:34:18";"09/10/2026 18:31:36";"";""
"64";"Puy-de-Dôme";"ID-GEO-DEP-000064";"63";"Département français Puy-de-Dôme, code officiel géographique 63, rattaché à la région Auvergne-Rhône-Alpes.";"Oui";"640";"Non";"Non";"Non";"Non";"Import GEO-DEPARTEMENTS.csv sans lookup; Operation IMPORT-GEO-DEPARTEMENTS-SANS-LOOKUP-20260910-203023";"Auvergne-Rhône-Alpes";"France";"Europe";"https://www.insee.fr/fr/information/8740222";"METROPOLE";"";"";"";"";"09/10/2026 20:34:19";"09/10/2026 18:31:37";"";""
"65";"Pyrénées-Atlantiques";"ID-GEO-DEP-000065";"64";"Département français Pyrénées-Atlantiques, code officiel géographique 64, rattaché à la région Nouvelle-Aquitaine.";"Oui";"650";"Non";"Non";"Non";"Non";"Import GEO-DEPARTEMENTS.csv sans lookup; Operation IMPORT-GEO-DEPARTEMENTS-SANS-LOOKUP-20260910-203023";"Nouvelle-Aquitaine";"France";"Europe";"https://www.insee.fr/fr/information/8740222";"METROPOLE";"";"";"";"";"09/10/2026 20:34:20";"09/10/2026 18:31:39";"";""
"66";"Hautes-Pyrénées";"ID-GEO-DEP-000066";"65";"Département français Hautes-Pyrénées, code officiel géographique 65, rattaché à la région Occitanie.";"Oui";"660";"Non";"Non";"Non";"Non";"Import GEO-DEPARTEMENTS.csv sans lookup; Operation IMPORT-GEO-DEPARTEMENTS-SANS-LOOKUP-20260910-203023";"Occitanie";"France";"Europe";"https://www.insee.fr/fr/information/8740222";"METROPOLE";"";"";"";"";"09/10/2026 20:34:22";"09/10/2026 18:31:39";"";""
"67";"Pyrénées-Orientales";"ID-GEO-DEP-000067";"66";"Département français Pyrénées-Orientales, code officiel géographique 66, rattaché à la région Occitanie.";"Oui";"670";"Non";"Non";"Non";"Non";"Import GEO-DEPARTEMENTS.csv sans lookup; Operation IMPORT-GEO-DEPARTEMENTS-SANS-LOOKUP-20260910-203023";"Occitanie";"France";"Europe";"https://www.insee.fr/fr/information/8740222";"METROPOLE";"";"";"";"";"09/10/2026 20:34:23";"09/10/2026 18:31:40";"";""
"68";"Bas-Rhin";"ID-GEO-DEP-000068";"67";"Département français Bas-Rhin, code officiel géographique 67, rattaché à la région Grand Est.";"Oui";"680";"Non";"Non";"Non";"Non";"Import GEO-DEPARTEMENTS.csv sans lookup; Operation IMPORT-GEO-DEPARTEMENTS-SANS-LOOKUP-20260910-203023";"Grand Est";"France";"Europe";"https://www.insee.fr/fr/information/8740222";"METROPOLE";"";"";"";"";"09/10/2026 20:34:24";"09/10/2026 18:31:40";"";""
"69";"Haut-Rhin";"ID-GEO-DEP-000069";"68";"Département français Haut-Rhin, code officiel géographique 68, rattaché à la région Grand Est.";"Oui";"690";"Non";"Non";"Non";"Non";"Import GEO-DEPARTEMENTS.csv sans lookup; Operation IMPORT-GEO-DEPARTEMENTS-SANS-LOOKUP-20260910-203023";"Grand Est";"France";"Europe";"https://www.insee.fr/fr/information/8740222";"METROPOLE";"";"";"";"";"09/10/2026 20:34:25";"09/10/2026 18:31:41";"";""
"70";"Rhône";"ID-GEO-DEP-000070";"69";"Département français Rhône, code officiel géographique 69, rattaché à la région Auvergne-Rhône-Alpes.";"Oui";"700";"Non";"Non";"Non";"Non";"Import GEO-DEPARTEMENTS.csv sans lookup; Operation IMPORT-GEO-DEPARTEMENTS-SANS-LOOKUP-20260910-203023";"Auvergne-Rhône-Alpes";"France";"Europe";"https://www.insee.fr/fr/information/8740222";"METROPOLE";"";"";"";"";"09/10/2026 20:34:27";"09/10/2026 18:31:42";"";""
"71";"Haute-Saône";"ID-GEO-DEP-000071";"70";"Département français Haute-Saône, code officiel géographique 70, rattaché à la région Bourgogne-Franche-Comté.";"Oui";"710";"Non";"Non";"Non";"Non";"Import GEO-DEPARTEMENTS.csv sans lookup; Operation IMPORT-GEO-DEPARTEMENTS-SANS-LOOKUP-20260910-203023";"Bourgogne-Franche-Comté";"France";"Europe";"https://www.insee.fr/fr/information/8740222";"METROPOLE";"";"";"";"";"09/10/2026 20:34:27";"09/10/2026 18:31:43";"";""
"72";"Saône-et-Loire";"ID-GEO-DEP-000072";"71";"Département français Saône-et-Loire, code officiel géographique 71, rattaché à la région Bourgogne-Franche-Comté.";"Oui";"720";"Non";"Non";"Non";"Non";"Import GEO-DEPARTEMENTS.csv sans lookup; Operation IMPORT-GEO-DEPARTEMENTS-SANS-LOOKUP-20260910-203023";"Bourgogne-Franche-Comté";"France";"Europe";"https://www.insee.fr/fr/information/8740222";"METROPOLE";"";"";"";"";"09/10/2026 20:34:28";"09/10/2026 18:31:44";"";""
"73";"Sarthe";"ID-GEO-DEP-000073";"72";"Département français Sarthe, code officiel géographique 72, rattaché à la région Pays de la Loire.";"Oui";"730";"Non";"Non";"Non";"Non";"Import GEO-DEPARTEMENTS.csv sans lookup; Operation IMPORT-GEO-DEPARTEMENTS-SANS-LOOKUP-20260910-203023";"Pays de la Loire";"France";"Europe";"https://www.insee.fr/fr/information/8740222";"METROPOLE";"";"";"";"";"09/10/2026 20:34:29";"09/10/2026 18:31:44";"";""
"74";"Savoie";"ID-GEO-DEP-000074";"73";"Département français Savoie, code officiel géographique 73, rattaché à la région Auvergne-Rhône-Alpes.";"Oui";"740";"Non";"Non";"Non";"Non";"Import GEO-DEPARTEMENTS.csv sans lookup; Operation IMPORT-GEO-DEPARTEMENTS-SANS-LOOKUP-20260910-203023";"Auvergne-Rhône-Alpes";"France";"Europe";"https://www.insee.fr/fr/information/8740222";"METROPOLE";"";"";"";"";"09/10/2026 20:34:30";"09/10/2026 18:31:45";"";""
"75";"Haute-Savoie";"ID-GEO-DEP-000075";"74";"Département français Haute-Savoie, code officiel géographique 74, rattaché à la région Auvergne-Rhône-Alpes.";"Oui";"750";"Non";"Non";"Non";"Non";"Import GEO-DEPARTEMENTS.csv sans lookup; Operation IMPORT-GEO-DEPARTEMENTS-SANS-LOOKUP-20260910-203023";"Auvergne-Rhône-Alpes";"France";"Europe";"https://www.insee.fr/fr/information/8740222";"METROPOLE";"";"";"";"";"09/10/2026 20:34:31";"09/10/2026 18:31:47";"";""
"76";"Paris";"ID-GEO-DEP-000076";"75";"Département français Paris, code officiel géographique 75, rattaché à la région Île-de-France.";"Oui";"760";"Non";"Non";"Non";"Non";"Import GEO-DEPARTEMENTS.csv sans lookup; Operation IMPORT-GEO-DEPARTEMENTS-SANS-LOOKUP-20260910-203023";"Île-de-France";"France";"Europe";"https://www.insee.fr/fr/information/8740222";"METROPOLE";"";"";"";"";"09/10/2026 20:34:32";"09/10/2026 18:31:48";"";""
"77";"Seine-Maritime";"ID-GEO-DEP-000077";"76";"Département français Seine-Maritime, code officiel géographique 76, rattaché à la région Normandie.";"Oui";"770";"Non";"Non";"Non";"Non";"Import GEO-DEPARTEMENTS.csv sans lookup; Operation IMPORT-GEO-DEPARTEMENTS-SANS-LOOKUP-20260910-203023";"Normandie";"France";"Europe";"https://www.insee.fr/fr/information/8740222";"METROPOLE";"";"";"";"";"09/10/2026 20:34:33";"09/10/2026 18:31:49";"";""
"78";"Seine-et-Marne";"ID-GEO-DEP-000078";"77";"Département français Seine-et-Marne, code officiel géographique 77, rattaché à la région Île-de-France.";"Oui";"780";"Non";"Non";"Non";"Non";"Import GEO-DEPARTEMENTS.csv sans lookup; Operation IMPORT-GEO-DEPARTEMENTS-SANS-LOOKUP-20260910-203023";"Île-de-France";"France";"Europe";"https://www.insee.fr/fr/information/8740222";"METROPOLE";"";"";"";"";"09/10/2026 20:34:34";"09/10/2026 18:31:50";"";""
"79";"Yvelines";"ID-GEO-DEP-000079";"78";"Département français Yvelines, code officiel géographique 78, rattaché à la région Île-de-France.";"Oui";"790";"Non";"Non";"Non";"Non";"Import GEO-DEPARTEMENTS.csv sans lookup; Operation IMPORT-GEO-DEPARTEMENTS-SANS-LOOKUP-20260910-203023";"Île-de-France";"France";"Europe";"https://www.insee.fr/fr/information/8740222";"METROPOLE";"";"";"";"";"09/10/2026 20:34:35";"09/10/2026 18:31:51";"";""
"80";"Deux-Sèvres";"ID-GEO-DEP-000080";"79";"Département français Deux-Sèvres, code officiel géographique 79, rattaché à la région Nouvelle-Aquitaine.";"Oui";"800";"Non";"Non";"Non";"Non";"Import GEO-DEPARTEMENTS.csv sans lookup; Operation IMPORT-GEO-DEPARTEMENTS-SANS-LOOKUP-20260910-203023";"Nouvelle-Aquitaine";"France";"Europe";"https://www.insee.fr/fr/information/8740222";"METROPOLE";"";"";"";"";"09/10/2026 20:34:37";"09/10/2026 18:31:51";"";""
"81";"Somme";"ID-GEO-DEP-000081";"80";"Département français Somme, code officiel géographique 80, rattaché à la région Hauts-de-France.";"Oui";"810";"Non";"Non";"Non";"Non";"Import GEO-DEPARTEMENTS.csv sans lookup; Operation IMPORT-GEO-DEPARTEMENTS-SANS-LOOKUP-20260910-203023";"Hauts-de-France";"France";"Europe";"https://www.insee.fr/fr/information/8740222";"METROPOLE";"";"";"";"";"09/10/2026 20:34:38";"09/10/2026 18:31:52";"";""
"82";"Tarn";"ID-GEO-DEP-000082";"81";"Département français Tarn, code officiel géographique 81, rattaché à la région Occitanie.";"Oui";"820";"Non";"Non";"Non";"Non";"Import GEO-DEPARTEMENTS.csv sans lookup; Operation IMPORT-GEO-DEPARTEMENTS-SANS-LOOKUP-20260910-203023";"Occitanie";"France";"Europe";"https://www.insee.fr/fr/information/8740222";"METROPOLE";"";"";"";"";"09/10/2026 20:34:39";"09/10/2026 18:31:53";"";""
"83";"Tarn-et-Garonne";"ID-GEO-DEP-000083";"82";"Département français Tarn-et-Garonne, code officiel géographique 82, rattaché à la région Occitanie.";"Oui";"830";"Non";"Non";"Non";"Non";"Import GEO-DEPARTEMENTS.csv sans lookup; Operation IMPORT-GEO-DEPARTEMENTS-SANS-LOOKUP-20260910-203023";"Occitanie";"France";"Europe";"https://www.insee.fr/fr/information/8740222";"METROPOLE";"";"";"";"";"09/10/2026 20:34:40";"09/10/2026 18:31:54";"";""
"84";"Var";"ID-GEO-DEP-000084";"83";"Département français Var, code officiel géographique 83, rattaché à la région Provence-Alpes-Côte d’Azur.";"Oui";"840";"Non";"Non";"Non";"Non";"Import GEO-DEPARTEMENTS.csv sans lookup; Operation IMPORT-GEO-DEPARTEMENTS-SANS-LOOKUP-20260910-203023";"Provence-Alpes-Côte d’Azur";"France";"Europe";"https://www.insee.fr/fr/information/8740222";"METROPOLE";"";"";"";"";"09/10/2026 20:34:41";"09/10/2026 18:31:54";"";""
"85";"Vaucluse";"ID-GEO-DEP-000085";"84";"Département français Vaucluse, code officiel géographique 84, rattaché à la région Provence-Alpes-Côte d’Azur.";"Oui";"850";"Non";"Non";"Non";"Non";"Import GEO-DEPARTEMENTS.csv sans lookup; Operation IMPORT-GEO-DEPARTEMENTS-SANS-LOOKUP-20260910-203023";"Provence-Alpes-Côte d’Azur";"France";"Europe";"https://www.insee.fr/fr/information/8740222";"METROPOLE";"";"";"";"";"09/10/2026 20:34:42";"09/10/2026 18:31:55";"";""
"86";"Vendée";"ID-GEO-DEP-000086";"85";"Département français Vendée, code officiel géographique 85, rattaché à la région Pays de la Loire.";"Oui";"860";"Non";"Non";"Non";"Non";"Import GEO-DEPARTEMENTS.csv sans lookup; Operation IMPORT-GEO-DEPARTEMENTS-SANS-LOOKUP-20260910-203023";"Pays de la Loire";"France";"Europe";"https://www.insee.fr/fr/information/8740222";"METROPOLE";"";"";"";"";"09/10/2026 20:34:43";"09/10/2026 18:31:56";"";""
"87";"Vienne";"ID-GEO-DEP-000087";"86";"Département français Vienne, code officiel géographique 86, rattaché à la région Nouvelle-Aquitaine.";"Oui";"870";"Non";"Non";"Non";"Non";"Import GEO-DEPARTEMENTS.csv sans lookup; Operation IMPORT-GEO-DEPARTEMENTS-SANS-LOOKUP-20260910-203023";"Nouvelle-Aquitaine";"France";"Europe";"https://www.insee.fr/fr/information/8740222";"METROPOLE";"";"";"";"";"09/10/2026 20:34:45";"09/10/2026 18:31:57";"";""
"88";"Haute-Vienne";"ID-GEO-DEP-000088";"87";"Département français Haute-Vienne, code officiel géographique 87, rattaché à la région Nouvelle-Aquitaine.";"Oui";"880";"Non";"Non";"Non";"Non";"Import GEO-DEPARTEMENTS.csv sans lookup; Operation IMPORT-GEO-DEPARTEMENTS-SANS-LOOKUP-20260910-203023";"Nouvelle-Aquitaine";"France";"Europe";"https://www.insee.fr/fr/information/8740222";"METROPOLE";"";"";"";"";"09/10/2026 20:34:45";"09/10/2026 18:31:58";"";""
"89";"Vosges";"ID-GEO-DEP-000089";"88";"Département français Vosges, code officiel géographique 88, rattaché à la région Grand Est.";"Oui";"890";"Non";"Non";"Non";"Non";"Import GEO-DEPARTEMENTS.csv sans lookup; Operation IMPORT-GEO-DEPARTEMENTS-SANS-LOOKUP-20260910-203023";"Grand Est";"France";"Europe";"https://www.insee.fr/fr/information/8740222";"METROPOLE";"";"";"";"";"09/10/2026 20:34:46";"09/10/2026 18:31:58";"";""
"90";"Yonne";"ID-GEO-DEP-000090";"89";"Département français Yonne, code officiel géographique 89, rattaché à la région Bourgogne-Franche-Comté.";"Oui";"900";"Non";"Non";"Non";"Non";"Import GEO-DEPARTEMENTS.csv sans lookup; Operation IMPORT-GEO-DEPARTEMENTS-SANS-LOOKUP-20260910-203023";"Bourgogne-Franche-Comté";"France";"Europe";"https://www.insee.fr/fr/information/8740222";"METROPOLE";"";"";"";"";"09/10/2026 20:34:47";"09/10/2026 18:31:59";"";""
"91";"Territoire de Belfort";"ID-GEO-DEP-000091";"90";"Département français Territoire de Belfort, code officiel géographique 90, rattaché à la région Bourgogne-Franche-Comté.";"Oui";"910";"Non";"Non";"Non";"Non";"Import GEO-DEPARTEMENTS.csv sans lookup; Operation IMPORT-GEO-DEPARTEMENTS-SANS-LOOKUP-20260910-203023";"Bourgogne-Franche-Comté";"France";"Europe";"https://www.insee.fr/fr/information/8740222";"METROPOLE";"";"";"";"";"09/10/2026 20:34:48";"09/10/2026 18:32:00";"";""
"92";"Essonne";"ID-GEO-DEP-000092";"91";"Département français Essonne, code officiel géographique 91, rattaché à la région Île-de-France.";"Oui";"920";"Non";"Non";"Non";"Non";"Import GEO-DEPARTEMENTS.csv sans lookup; Operation IMPORT-GEO-DEPARTEMENTS-SANS-LOOKUP-20260910-203023";"Île-de-France";"France";"Europe";"https://www.insee.fr/fr/information/8740222";"METROPOLE";"";"";"";"";"09/10/2026 20:34:49";"09/10/2026 18:32:01";"";""
"93";"Hauts-de-Seine";"ID-GEO-DEP-000093";"92";"Département français Hauts-de-Seine, code officiel géographique 92, rattaché à la région Île-de-France.";"Oui";"930";"Non";"Non";"Non";"Non";"Import GEO-DEPARTEMENTS.csv sans lookup; Operation IMPORT-GEO-DEPARTEMENTS-SANS-LOOKUP-20260910-203023";"Île-de-France";"France";"Europe";"https://www.insee.fr/fr/information/8740222";"METROPOLE";"";"";"";"";"09/10/2026 20:34:50";"09/10/2026 18:32:01";"";""
"94";"Seine-Saint-Denis";"ID-GEO-DEP-000094";"93";"Département français Seine-Saint-Denis, code officiel géographique 93, rattaché à la région Île-de-France.";"Oui";"940";"Non";"Non";"Non";"Non";"Import GEO-DEPARTEMENTS.csv sans lookup; Operation IMPORT-GEO-DEPARTEMENTS-SANS-LOOKUP-20260910-203023";"Île-de-France";"France";"Europe";"https://www.insee.fr/fr/information/8740222";"METROPOLE";"";"";"";"";"09/10/2026 20:34:51";"09/10/2026 18:32:02";"";""
"95";"Val-de-Marne";"ID-GEO-DEP-000095";"94";"Département français Val-de-Marne, code officiel géographique 94, rattaché à la région Île-de-France.";"Oui";"950";"Non";"Non";"Non";"Non";"Import GEO-DEPARTEMENTS.csv sans lookup; Operation IMPORT-GEO-DEPARTEMENTS-SANS-LOOKUP-20260910-203023";"Île-de-France";"France";"Europe";"https://www.insee.fr/fr/information/8740222";"METROPOLE";"";"";"";"";"09/10/2026 20:34:52";"09/10/2026 18:32:03";"";""
"96";"Val-d’Oise";"ID-GEO-DEP-000096";"95";"Département français Val-d’Oise, code officiel géographique 95, rattaché à la région Île-de-France.";"Oui";"960";"Non";"Non";"Non";"Non";"Import GEO-DEPARTEMENTS.csv sans lookup; Operation IMPORT-GEO-DEPARTEMENTS-SANS-LOOKUP-20260910-203023";"Île-de-France";"France";"Europe";"https://www.insee.fr/fr/information/8740222";"METROPOLE";"";"";"";"";"09/10/2026 20:34:53";"09/10/2026 18:32:03";"";""
"97";"Guadeloupe";"ID-GEO-DEP-000097";"971";"Département français Guadeloupe, code officiel géographique 971, rattaché à la région Guadeloupe.";"Oui";"970";"Non";"Non";"Non";"Non";"Import GEO-DEPARTEMENTS.csv sans lookup; Operation IMPORT-GEO-DEPARTEMENTS-SANS-LOOKUP-20260910-203023";"Guadeloupe";"France";"Amérique du Nord";"https://www.insee.fr/fr/information/8740222";"OUTRE-MER";"";"";"";"";"09/10/2026 20:34:55";"09/10/2026 18:32:04";"";""
"98";"Martinique";"ID-GEO-DEP-000098";"972";"Département français Martinique, code officiel géographique 972, rattaché à la région Martinique.";"Oui";"980";"Non";"Non";"Non";"Non";"Import GEO-DEPARTEMENTS.csv sans lookup; Operation IMPORT-GEO-DEPARTEMENTS-SANS-LOOKUP-20260910-203023";"Martinique";"France";"Amérique du Nord";"https://www.insee.fr/fr/information/8740222";"OUTRE-MER";"";"";"";"";"09/10/2026 20:34:56";"09/10/2026 18:32:05";"";""
"99";"Guyane";"ID-GEO-DEP-000099";"973";"Département français Guyane, code officiel géographique 973, rattaché à la région Guyane.";"Oui";"990";"Non";"Non";"Non";"Non";"Import GEO-DEPARTEMENTS.csv sans lookup; Operation IMPORT-GEO-DEPARTEMENTS-SANS-LOOKUP-20260910-203023";"Guyane";"France";"Amérique du Sud";"https://www.insee.fr/fr/information/8740222";"OUTRE-MER";"";"";"";"";"09/10/2026 20:34:57";"09/10/2026 18:32:06";"";""
"100";"La Réunion";"ID-GEO-DEP-000100";"974";"Département français La Réunion, code officiel géographique 974, rattaché à la région La Réunion.";"Oui";"1000";"Non";"Non";"Non";"Non";"Import GEO-DEPARTEMENTS.csv sans lookup; Operation IMPORT-GEO-DEPARTEMENTS-SANS-LOOKUP-20260910-203023";"La Réunion";"France";"Afrique";"https://www.insee.fr/fr/information/8740222";"OUTRE-MER";"";"";"";"";"09/10/2026 20:34:59";"09/10/2026 18:32:06";"";""
"101";"Mayotte";"ID-GEO-DEP-000101";"976";"Département français Mayotte, code officiel géographique 976, rattaché à la région Mayotte.";"Oui";"1010";"Non";"Non";"Non";"Non";"Import GEO-DEPARTEMENTS.csv sans lookup; Operation IMPORT-GEO-DEPARTEMENTS-SANS-LOOKUP-20260910-203023";"Mayotte";"France";"Afrique";"https://www.insee.fr/fr/information/8740222";"OUTRE-MER";"";"";"";"";"09/10/2026 20:34:59";"09/10/2026 18:32:08";"";""