"id";"Title";"OBJSOURCE";"OBJCIBLE";"ACTIF";"DATEDEBUT";"DATEFIN";"SOURCERELATION";"CONTROLEPASCARA";"VERROUILLE";"NOTES";"OBJREF";"TYPERELATION";"Modified";"Created";"Author";"Editor"
"1";"5926381b-d3da-4dfb-a9bd-4753688734ae";"";"";"Oui";"";"";"";"Non";"Non";"";"";"";"09/08/2026 07:38:18";"09/08/2026 07:38:18";"UserId:11";"UserId:11"
"2";"a02ecfef-518a-4ba2-b22f-c29ca28ffc8f";"";"";"Oui";"";"";"";"Non";"Non";"";"";"";"09/08/2026 07:38:19";"09/08/2026 07:38:19";"UserId:11";"UserId:11"
"3";"e41a1b77-39c6-402c-b5ba-6a531668f007";"";"";"Oui";"";"";"";"Non";"Non";"";"";"";"09/08/2026 07:38:19";"09/08/2026 07:38:19";"UserId:11";"UserId:11"
"4";"bfcc99a5-783a-4e1e-9fd3-857a6ec1e5c5";"";"";"Oui";"";"";"";"Non";"Non";"";"";"";"09/08/2026 07:38:20";"09/08/2026 07:38:20";"UserId:11";"UserId:11"
"5";"abfca5df-02b6-4a13-8d6a-49d32e414fee";"";"";"Oui";"";"";"";"Non";"Non";"";"";"";"09/08/2026 07:38:20";"09/08/2026 07:38:20";"UserId:11";"UserId:11"
"6";"30e946f7-8795-4989-a8b9-a72479334ace";"";"";"Oui";"";"";"";"Non";"Non";"";"";"";"09/08/2026 07:38:21";"09/08/2026 07:38:21";"UserId:11";"UserId:11"
"7";"35135ce4-1f22-42c1-a1bb-dbfa1fc033e9";"";"";"Oui";"";"";"";"Non";"Non";"";"";"";"09/08/2026 07:38:22";"09/08/2026 07:38:22";"UserId:11";"UserId:11"
"8";"ec6c4c2b-3485-4938-9a9e-54472b08f5c0";"";"";"Oui";"";"";"";"Non";"Non";"";"";"";"09/08/2026 07:38:22";"09/08/2026 07:38:22";"UserId:11";"UserId:11"
"9";"432f3ddb-fd74-40ac-98ab-a5f9d4f6980b";"";"";"Oui";"";"";"";"Non";"Non";"";"";"";"09/08/2026 07:38:23";"09/08/2026 07:38:23";"UserId:11";"UserId:11"
"10";"aba927be-d4e5-4118-a04e-4016d77945e6";"";"";"Oui";"";"";"";"Non";"Non";"";"";"";"09/08/2026 07:38:24";"09/08/2026 07:38:24";"UserId:11";"UserId:11"
"11";"2f6bdcb4-57cf-4641-acd6-573b50ae7a58";"";"";"Oui";"";"";"";"Non";"Non";"";"";"";"09/08/2026 07:38:24";"09/08/2026 07:38:24";"UserId:11";"UserId:11"
"12";"3b1deea9-473b-4d12-bc5e-e8c5719cff25";"";"";"Oui";"";"";"";"Non";"Non";"";"";"";"09/08/2026 07:38:25";"09/08/2026 07:38:25";"UserId:11";"UserId:11"
"13";"474c5289-582b-4678-aa99-5176d39e436b";"";"";"Oui";"";"";"";"Non";"Non";"";"";"";"09/08/2026 07:38:25";"09/08/2026 07:38:25";"UserId:11";"UserId:11"
"14";"bf272aef-0651-458f-9eb7-ba6da56a11ad";"";"";"Oui";"";"";"";"Non";"Non";"";"";"";"09/08/2026 07:38:26";"09/08/2026 07:38:26";"UserId:11";"UserId:11"
"15";"eaf5960e-1039-4240-afa1-1050973ecdc5";"";"";"Oui";"";"";"";"Non";"Non";"";"";"";"09/08/2026 07:38:26";"09/08/2026 07:38:26";"UserId:11";"UserId:11"
"16";"e9161ccf-859d-4d49-b245-ac6e6cd0271b";"";"";"Oui";"";"";"";"Non";"Non";"";"";"";"09/08/2026 07:38:27";"09/08/2026 07:38:27";"UserId:11";"UserId:11"
"17";"afe17273-bf0c-4423-8069-04ed827f22fc";"";"";"Oui";"";"";"";"Non";"Non";"";"";"";"09/08/2026 07:38:28";"09/08/2026 07:38:28";"UserId:11";"UserId:11"
"18";"26ee56c9-6f19-4e1a-88a4-6c07fcd3f517";"";"";"Oui";"";"";"";"Non";"Non";"";"";"";"09/08/2026 07:38:28";"09/08/2026 07:38:28";"UserId:11";"UserId:11"
"19";"d40577eb-8d31-4e26-9d67-14d0005f46d8";"";"";"Oui";"";"";"";"Non";"Non";"";"";"";"09/08/2026 07:38:29";"09/08/2026 07:38:29";"UserId:11";"UserId:11"
"20";"5e995a24-0aeb-44dc-8676-c26c878cc62c";"";"";"Oui";"";"";"";"Non";"Non";"";"";"";"09/08/2026 07:38:29";"09/08/2026 07:38:29";"UserId:11";"UserId:11"
"21";"d762cd9b-28c3-4e33-b956-8912d06ce139";"";"";"Oui";"";"";"";"Non";"Non";"";"";"";"09/08/2026 07:38:31";"09/08/2026 07:38:31";"UserId:11";"UserId:11"
"22";"99b86852-bd86-4567-addf-6c6b2156be76";"";"";"Oui";"";"";"";"Non";"Non";"";"";"";"09/08/2026 07:38:31";"09/08/2026 07:38:31";"UserId:11";"UserId:11"
"23";"6dd92212-37c8-489c-b901-91f25b07bfe9";"";"";"Oui";"";"";"";"Non";"Non";"";"";"";"09/08/2026 07:38:31";"09/08/2026 07:38:31";"UserId:11";"UserId:11"
"24";"5491713b-cab9-4a4b-8c11-cfea8cd2eb3d";"";"";"Oui";"";"";"";"Non";"Non";"";"";"";"09/08/2026 07:38:32";"09/08/2026 07:38:32";"UserId:11";"UserId:11"
"25";"73247846-541f-43be-ba87-d5f18bdbf70c";"";"";"Oui";"";"";"";"Non";"Non";"";"";"";"09/08/2026 07:38:32";"09/08/2026 07:38:32";"UserId:11";"UserId:11"
"26";"4baa7433-8092-4fd5-9eff-982651404156";"";"";"Oui";"";"";"";"Non";"Non";"";"";"";"09/08/2026 07:38:33";"09/08/2026 07:38:33";"UserId:11";"UserId:11"
"27";"ed1eb5d5-db97-40f7-8f08-762b3ef5213d";"";"";"Oui";"";"";"";"Non";"Non";"";"";"";"09/08/2026 07:38:33";"09/08/2026 07:38:33";"UserId:11";"UserId:11"
"28";"fb7fd1aa-0bd2-4dab-b8f8-e2809dbdcda6";"";"";"Oui";"";"";"";"Non";"Non";"";"";"";"09/08/2026 07:38:34";"09/08/2026 07:38:34";"UserId:11";"UserId:11"
"29";"f26165de-7029-426b-988e-fdbda7d2fa2b";"";"";"Oui";"";"";"";"Non";"Non";"";"";"";"09/08/2026 07:38:35";"09/08/2026 07:38:35";"UserId:11";"UserId:11"
"30";"5c3fd93e-b8c4-42b5-975e-08606075557f";"";"";"Oui";"";"";"";"Non";"Non";"";"";"";"09/08/2026 07:38:35";"09/08/2026 07:38:35";"UserId:11";"UserId:11"
"31";"143f3a11-605f-4e92-9e29-3874744fecbb";"";"";"Oui";"";"";"";"Non";"Non";"";"";"";"09/08/2026 07:38:37";"09/08/2026 07:38:37";"UserId:11";"UserId:11"
"32";"6e293034-25e4-495d-9e22-a7dba8cb8fe1";"";"";"Oui";"";"";"";"Non";"Non";"";"";"";"09/08/2026 07:38:37";"09/08/2026 07:38:37";"UserId:11";"UserId:11"