"id";"Title";"IDGeoLangue";"CodeLangue";"CodeISO6391";"Actif";"ValidationDSE";"Verrouille";"ControlePascAra";"AnomalieDetectee";"OrdreAffichage";"NotesDSE";"Pays";"Continent";"OBJREF";"Modified";"Created";"Author";"Editor"
"1";"Afrikaans";"ID-GEO-LAN-000001";"AF";"af";"Oui";"Non";"Non";"Non";"Non";"1";"Import CSV initial. Operation : IMPORT-GEO-LANGUE-20260910-074827";"Afrique du Sud | Namibie";"Afrique";"";"09/10/2026 05:48:33";"09/10/2026 05:48:33";"UserId:11";"UserId:11"
"2";"Amharique";"ID-GEO-LAN-000002";"AM";"am";"Oui";"Non";"Non";"Non";"Non";"2";"Import CSV initial. Operation : IMPORT-GEO-LANGUE-20260910-074827";"Éthiopie";"Afrique";"";"09/10/2026 05:48:36";"09/10/2026 05:48:36";"UserId:11";"UserId:11"
"3";"Arabe";"ID-GEO-LAN-000003";"AR";"ar";"Oui";"Non";"Non";"Non";"Non";"3";"Import CSV initial. Operation : IMPORT-GEO-LANGUE-20260910-074827";"Algérie | Arabie Saoudite | Bahreïn | Comores | Djibouti | Irak | Israël | Jordanie | Koweït | Liban | Libye | Maroc | Mauritanie | Oman | Qatar | Somalie | Soudan | Syrie | Tchad | Tunisie | Yémen | Égypte | Émirats arabes unis | Érythrée | État de Palestine";"Afrique | Asie";"";"09/10/2026 05:48:38";"09/10/2026 05:48:38";"UserId:11";"UserId:11"
"4";"Aymara";"ID-GEO-LAN-000004";"AY";"ay";"Oui";"Non";"Non";"Non";"Non";"4";"Import CSV initial. Operation : IMPORT-GEO-LANGUE-20260910-074827";"Bolivie";"Amérique du Sud";"";"09/10/2026 05:48:40";"09/10/2026 05:48:40";"UserId:11";"UserId:11"
"5";"Azéri";"ID-GEO-LAN-000005";"AZ";"az";"Oui";"Non";"Non";"Non";"Non";"5";"Import CSV initial. Operation : IMPORT-GEO-LANGUE-20260910-074827";"Azerbaïdjan";"Asie";"";"09/10/2026 05:48:42";"09/10/2026 05:48:42";"UserId:11";"UserId:11"
"6";"Biélorusse";"ID-GEO-LAN-000006";"BE";"be";"Oui";"Non";"Non";"Non";"Non";"6";"Import CSV initial. Operation : IMPORT-GEO-LANGUE-20260910-074827";"Bélarus";"Europe";"";"09/10/2026 05:48:44";"09/10/2026 05:48:44";"UserId:11";"UserId:11"
"7";"Bulgare";"ID-GEO-LAN-000007";"BG";"bg";"Oui";"Non";"Non";"Non";"Non";"7";"Import CSV initial. Operation : IMPORT-GEO-LANGUE-20260910-074827";"Bulgarie";"Europe";"";"09/10/2026 05:48:47";"09/10/2026 05:48:47";"UserId:11";"UserId:11"
"8";"Bichelamar";"ID-GEO-LAN-000008";"BI";"bi";"Oui";"Non";"Non";"Non";"Non";"8";"Import CSV initial. Operation : IMPORT-GEO-LANGUE-20260910-074827";"Vanuatu";"Océanie";"";"09/10/2026 05:48:49";"09/10/2026 05:48:49";"UserId:11";"UserId:11"
"9";"Bengali";"ID-GEO-LAN-000009";"BN";"bn";"Oui";"Non";"Non";"Non";"Non";"9";"Import CSV initial. Operation : IMPORT-GEO-LANGUE-20260910-074827";"Bangladesh";"Asie";"";"09/10/2026 05:48:51";"09/10/2026 05:48:51";"UserId:11";"UserId:11"
"10";"Bosnien";"ID-GEO-LAN-000010";"BS";"bs";"Oui";"Non";"Non";"Non";"Non";"10";"Import CSV initial. Operation : IMPORT-GEO-LANGUE-20260910-074827";"Bosnie-Herzégovine";"Europe";"";"09/10/2026 05:48:53";"09/10/2026 05:48:53";"UserId:11";"UserId:11"
"11";"Catalan";"ID-GEO-LAN-000011";"CA";"ca";"Oui";"Non";"Non";"Non";"Non";"11";"Import CSV initial. Operation : IMPORT-GEO-LANGUE-20260910-074827";"Andorre";"Europe";"";"09/10/2026 05:48:55";"09/10/2026 05:48:55";"UserId:11";"UserId:11"
"12";"Chamorro";"ID-GEO-LAN-000012";"CH";"ch";"Oui";"Non";"Non";"Non";"Non";"12";"Import CSV initial. Operation : IMPORT-GEO-LANGUE-20260910-074827";"Guam | Îles Mariannes du Nord";"Océanie";"";"09/10/2026 05:48:57";"09/10/2026 05:48:57";"UserId:11";"UserId:11"
"13";"Tchèque";"ID-GEO-LAN-000013";"CS";"cs";"Oui";"Non";"Non";"Non";"Non";"13";"Import CSV initial. Operation : IMPORT-GEO-LANGUE-20260910-074827";"Tchéquie";"Europe";"";"09/10/2026 05:48:59";"09/10/2026 05:48:59";"UserId:11";"UserId:11"
"14";"Danois";"ID-GEO-LAN-000014";"DA";"da";"Oui";"Non";"Non";"Non";"Non";"14";"Import CSV initial. Operation : IMPORT-GEO-LANGUE-20260910-074827";"Danemark";"Europe";"";"09/10/2026 05:49:01";"09/10/2026 05:49:01";"UserId:11";"UserId:11"
"15";"Allemand";"ID-GEO-LAN-000015";"DE";"de";"Oui";"Non";"Non";"Non";"Non";"15";"Import CSV initial. Operation : IMPORT-GEO-LANGUE-20260910-074827";"Allemagne | Autriche | Belgique | Liechtenstein | Luxembourg | Suisse";"Europe";"";"09/10/2026 05:49:03";"09/10/2026 05:49:03";"UserId:11";"UserId:11"
"16";"Maldivien";"ID-GEO-LAN-000016";"DV";"dv";"Oui";"Non";"Non";"Non";"Non";"16";"Import CSV initial. Operation : IMPORT-GEO-LANGUE-20260910-074827";"Maldives";"Asie";"";"09/10/2026 05:49:05";"09/10/2026 05:49:05";"UserId:11";"UserId:11"
"17";"Dzongkha";"ID-GEO-LAN-000017";"DZ";"dz";"Oui";"Non";"Non";"Non";"Non";"17";"Import CSV initial. Operation : IMPORT-GEO-LANGUE-20260910-074827";"Bhoutan";"Asie";"";"09/10/2026 05:49:07";"09/10/2026 05:49:07";"UserId:11";"UserId:11"
"18";"Grec";"ID-GEO-LAN-000018";"EL";"el";"Oui";"Non";"Non";"Non";"Non";"18";"Import CSV initial. Operation : IMPORT-GEO-LANGUE-20260910-074827";"Chypre | Grèce";"Europe";"";"09/10/2026 05:49:09";"09/10/2026 05:49:09";"UserId:11";"UserId:11"
"19";"Anglais";"ID-GEO-LAN-000019";"EN";"en";"Oui";"Non";"Non";"Non";"Non";"19";"Import CSV initial. Operation : IMPORT-GEO-LANGUE-20260910-074827";"Afrique du Sud | Anguilla | Antigua-et-Barbuda | Australie | Bahamas | Barbade | Belize | Bermudes | Botswana | Cameroun | Canada | Dominique | Fidji | Gambie | Ghana | Gibraltar | Grenade | Guam | Guernesey | Guyane | Géorgie du Sud-et-les Îles Sandwich du Sud | Hong Kong | Inde | Irlande | Jamaïque | Jersey | Kenya | Kiribati | Lesotho | Liberia | Malawi | Malte | Micronésie | Montserrat | Namibie | Nauru | Nigéria | Niue | Nouvelle-Zélande | Pakistan | Palaos | Papouasie-Nouvelle-Guinée | Philippines | Porto Rico | Royaume-Uni | Rwanda | Saint-Christophe-et-Niévès | Saint-Lucie | Saint-Vincent-et-les-Grenadines | Sainte-Hélène | Samoa | Samoa américaines | Seychelles | Sierra Leone | Singapour | Soudan | Soudan du Sud | Swaziland | Tanzanie | Territoire britannique de l'océan Indien | Tokelau | Tonga | Trinité et Tobago | Tuvalu | Uganda | Vanuatu | Zambie | Zimbabwe | Érythrée | États-Unis | Île Christmas | Île Maurice | Île de Man | Île de Norfolk | Îles Caïmans | Îles Cocos | Îles Cook | Îles Falkland (Malouines) | Îles Heard-et-MacDonald | Îles Mariannes du Nord | Îles Marshall | Îles Pitcairn | Îles Salomon | Îles Turques-et-Caïques | Îles Vierges britanniques | Îles Vierges des États-Unis | Îles mineures éloignées des États-Unis";"Afrique | Amérique du Nord | Amérique du Sud | Asie | Europe | Océanie";"";"09/10/2026 05:49:11";"09/10/2026 05:49:11";"UserId:11";"UserId:11"
"20";"Espagnol";"ID-GEO-LAN-000020";"ES";"es";"Oui";"Non";"Non";"Non";"Non";"20";"Import CSV initial. Operation : IMPORT-GEO-LANGUE-20260910-074827";"Argentine | Belize | Bolivie | Chili | Colombie | Costa Rica | Cuba | Espagne | Guam | Guatemala | Guinée-Équatoriale | Honduras | Mexique | Nicaragua | Panama | Paraguay | Porto Rico | Pérou | République dominicaine | Sahara Occidental | Salvador | Uruguay | Venezuela | Équateur";"Afrique | Amérique du Nord | Amérique du Sud | Europe | Océanie";"";"09/10/2026 05:49:14";"09/10/2026 05:49:14";"UserId:11";"UserId:11"
"21";"Estonien";"ID-GEO-LAN-000021";"ET";"et";"Oui";"Non";"Non";"Non";"Non";"21";"Import CSV initial. Operation : IMPORT-GEO-LANGUE-20260910-074827";"Estonie";"Europe";"";"09/10/2026 05:49:16";"09/10/2026 05:49:16";"UserId:11";"UserId:11"
"22";"Persan";"ID-GEO-LAN-000022";"FA";"fa";"Oui";"Non";"Non";"Non";"Non";"22";"Import CSV initial. Operation : IMPORT-GEO-LANGUE-20260910-074827";"Iran";"Asie";"";"09/10/2026 05:49:18";"09/10/2026 05:49:18";"UserId:11";"UserId:11"
"23";"Peul";"ID-GEO-LAN-000023";"FF";"ff";"Oui";"Non";"Non";"Non";"Non";"23";"Import CSV initial. Operation : IMPORT-GEO-LANGUE-20260910-074827";"Burkina Faso | Guinée";"Afrique";"";"09/10/2026 05:49:20";"09/10/2026 05:49:20";"UserId:11";"UserId:11"
"24";"Finnois";"ID-GEO-LAN-000024";"FI";"fi";"Oui";"Non";"Non";"Non";"Non";"24";"Import CSV initial. Operation : IMPORT-GEO-LANGUE-20260910-074827";"Finlande";"Europe";"";"09/10/2026 05:49:22";"09/10/2026 05:49:22";"UserId:11";"UserId:11"
"25";"Fidjien";"ID-GEO-LAN-000025";"FJ";"fj";"Oui";"Non";"Non";"Non";"Non";"25";"Import CSV initial. Operation : IMPORT-GEO-LANGUE-20260910-074827";"Fidji";"Océanie";"";"09/10/2026 05:49:25";"09/10/2026 05:49:25";"UserId:11";"UserId:11"
"26";"Féroïen";"ID-GEO-LAN-000026";"FO";"fo";"Oui";"Non";"Non";"Non";"Non";"26";"Import CSV initial. Operation : IMPORT-GEO-LANGUE-20260910-074827";"Îles Féroé";"Europe";"";"09/10/2026 05:49:26";"09/10/2026 05:49:26";"UserId:11";"UserId:11"
"27";"Français";"ID-GEO-LAN-000027";"FR";"fr";"Oui";"Non";"Non";"Non";"Non";"27";"Import CSV initial. Operation : IMPORT-GEO-LANGUE-20260910-074827";"Belgique | Burkina Faso | Burundi | Bénin | Cameroun | Canada | Comores | Congo | Côte d’Ivoire | Djibouti | France | Gabon | Guadeloupe | Guayane | Guernesey | Guinée | Guinée-Équatoriale | Haïti | Jersey | Liban | Luxembourg | Madagascar | Mali | Martinique | Mayotte | Monaco | Niger | Nouvelle-Calédonie | Polynésie française | Rwanda | République centrafricaine | République démocratique du Congo | Réunion | Saint-Barthélemy | Saint-Martin (partie française) | Saint-Pierre-et-Miquelon | Seychelles | Suisse | Sénégal | Tchad | Terres australes françaises | Togo | Vanuatu | Wallis-et-Futuna";"Afrique | Amérique du Nord | Amérique du Sud | Asie | Europe | Océanie";"";"09/10/2026 05:49:28";"09/10/2026 05:49:28";"UserId:11";"UserId:11"
"28";"Irlandais";"ID-GEO-LAN-000028";"GA";"ga";"Oui";"Non";"Non";"Non";"Non";"28";"Import CSV initial. Operation : IMPORT-GEO-LANGUE-20260910-074827";"Irlande";"Europe";"";"09/10/2026 05:49:30";"09/10/2026 05:49:30";"UserId:11";"UserId:11"
"29";"Guarani";"ID-GEO-LAN-000029";"GN";"gn";"Oui";"Non";"Non";"Non";"Non";"29";"Import CSV initial. Operation : IMPORT-GEO-LANGUE-20260910-074827";"Argentine | Paraguay";"Amérique du Sud";"";"09/10/2026 05:49:33";"09/10/2026 05:49:33";"UserId:11";"UserId:11"
"30";"Mannois";"ID-GEO-LAN-000030";"GV";"gv";"Oui";"Non";"Non";"Non";"Non";"30";"Import CSV initial. Operation : IMPORT-GEO-LANGUE-20260910-074827";"Île de Man";"Europe";"";"09/10/2026 05:49:35";"09/10/2026 05:49:35";"UserId:11";"UserId:11"
"31";"Hébreu";"ID-GEO-LAN-000031";"HE";"he";"Oui";"Non";"Non";"Non";"Non";"31";"Import CSV initial. Operation : IMPORT-GEO-LANGUE-20260910-074827";"Israël";"Asie";"";"09/10/2026 05:49:38";"09/10/2026 05:49:38";"UserId:11";"UserId:11"
"32";"Hindi";"ID-GEO-LAN-000032";"HI";"hi";"Oui";"Non";"Non";"Non";"Non";"32";"Import CSV initial. Operation : IMPORT-GEO-LANGUE-20260910-074827";"Fidji | Inde";"Asie | Océanie";"";"09/10/2026 05:49:39";"09/10/2026 05:49:39";"UserId:11";"UserId:11"
"33";"Croate";"ID-GEO-LAN-000033";"HR";"hr";"Oui";"Non";"Non";"Non";"Non";"33";"Import CSV initial. Operation : IMPORT-GEO-LANGUE-20260910-074827";"Bosnie-Herzégovine | Croatie";"Europe";"";"09/10/2026 05:49:41";"09/10/2026 05:49:41";"UserId:11";"UserId:11"
"34";"Créole haïtien";"ID-GEO-LAN-000034";"HT";"ht";"Oui";"Non";"Non";"Non";"Non";"34";"Import CSV initial. Operation : IMPORT-GEO-LANGUE-20260910-074827";"Haïti";"Amérique du Nord";"";"09/10/2026 05:49:43";"09/10/2026 05:49:43";"UserId:11";"UserId:11"
"35";"Hongrois";"ID-GEO-LAN-000035";"HU";"hu";"Oui";"Non";"Non";"Non";"Non";"35";"Import CSV initial. Operation : IMPORT-GEO-LANGUE-20260910-074827";"Hongrie";"Europe";"";"09/10/2026 05:49:45";"09/10/2026 05:49:45";"UserId:11";"UserId:11"
"36";"Arménien";"ID-GEO-LAN-000036";"HY";"hy";"Oui";"Non";"Non";"Non";"Non";"36";"Import CSV initial. Operation : IMPORT-GEO-LANGUE-20260910-074827";"Arménie | Azerbaïdjan | Chypre";"Asie | Europe";"";"09/10/2026 05:49:47";"09/10/2026 05:49:47";"UserId:11";"UserId:11"
"37";"Indonésien";"ID-GEO-LAN-000037";"ID";"id";"Oui";"Non";"Non";"Non";"Non";"37";"Import CSV initial. Operation : IMPORT-GEO-LANGUE-20260910-074827";"Indonésie";"Asie";"";"09/10/2026 05:49:49";"09/10/2026 05:49:49";"UserId:11";"UserId:11"
"38";"Islandais";"ID-GEO-LAN-000038";"IS";"is";"Oui";"Non";"Non";"Non";"Non";"38";"Import CSV initial. Operation : IMPORT-GEO-LANGUE-20260910-074827";"Islande";"Europe";"";"09/10/2026 05:49:51";"09/10/2026 05:49:51";"UserId:11";"UserId:11"
"39";"Italien";"ID-GEO-LAN-000039";"IT";"it";"Oui";"Non";"Non";"Non";"Non";"39";"Import CSV initial. Operation : IMPORT-GEO-LANGUE-20260910-074827";"Italie | Saint-Marin | Saint-Siège | Suisse";"Europe";"";"09/10/2026 05:49:53";"09/10/2026 05:49:53";"UserId:11";"UserId:11"
"40";"Japonais";"ID-GEO-LAN-000040";"JA";"ja";"Oui";"Non";"Non";"Non";"Non";"40";"Import CSV initial. Operation : IMPORT-GEO-LANGUE-20260910-074827";"Japon";"Asie";"";"09/10/2026 05:49:55";"09/10/2026 05:49:55";"UserId:11";"UserId:11"
"41";"Géorgien";"ID-GEO-LAN-000041";"KA";"ka";"Oui";"Non";"Non";"Non";"Non";"41";"Import CSV initial. Operation : IMPORT-GEO-LANGUE-20260910-074827";"Géorgie";"Asie";"";"09/10/2026 05:49:57";"09/10/2026 05:49:57";"UserId:11";"UserId:11"
"42";"Kikongo";"ID-GEO-LAN-000042";"KG";"kg";"Oui";"Non";"Non";"Non";"Non";"42";"Import CSV initial. Operation : IMPORT-GEO-LANGUE-20260910-074827";"République démocratique du Congo";"Afrique";"";"09/10/2026 05:49:59";"09/10/2026 05:49:59";"UserId:11";"UserId:11"
"43";"Kazakh";"ID-GEO-LAN-000043";"KK";"kk";"Oui";"Non";"Non";"Non";"Non";"43";"Import CSV initial. Operation : IMPORT-GEO-LANGUE-20260910-074827";"Kazakhstan";"Asie";"";"09/10/2026 05:50:02";"09/10/2026 05:50:02";"UserId:11";"UserId:11"
"44";"Groenlandais";"ID-GEO-LAN-000044";"KL";"kl";"Oui";"Non";"Non";"Non";"Non";"44";"Import CSV initial. Operation : IMPORT-GEO-LANGUE-20260910-074827";"Groenland";"Amérique du Nord";"";"09/10/2026 05:50:04";"09/10/2026 05:50:04";"UserId:11";"UserId:11"
"45";"Khmer";"ID-GEO-LAN-000045";"KM";"km";"Oui";"Non";"Non";"Non";"Non";"45";"Import CSV initial. Operation : IMPORT-GEO-LANGUE-20260910-074827";"Cambodge";"Asie";"";"09/10/2026 05:50:06";"09/10/2026 05:50:06";"UserId:11";"UserId:11"
"46";"Coréen";"ID-GEO-LAN-000046";"KO";"ko";"Oui";"Non";"Non";"Non";"Non";"46";"Import CSV initial. Operation : IMPORT-GEO-LANGUE-20260910-074827";"Corée du Nord | Corée du Sud";"Asie";"";"09/10/2026 05:50:08";"09/10/2026 05:50:08";"UserId:11";"UserId:11"
"47";"Kurde";"ID-GEO-LAN-000047";"KU";"ku";"Oui";"Non";"Non";"Non";"Non";"47";"Import CSV initial. Operation : IMPORT-GEO-LANGUE-20260910-074827";"Irak";"Asie";"";"09/10/2026 05:50:10";"09/10/2026 05:50:10";"UserId:11";"UserId:11"
"48";"Kirghize";"ID-GEO-LAN-000048";"KY";"ky";"Oui";"Non";"Non";"Non";"Non";"48";"Import CSV initial. Operation : IMPORT-GEO-LANGUE-20260910-074827";"Kirghizistan";"Asie";"";"09/10/2026 05:50:12";"09/10/2026 05:50:12";"UserId:11";"UserId:11"
"49";"Latin";"ID-GEO-LAN-000049";"LA";"la";"Oui";"Non";"Non";"Non";"Non";"49";"Import CSV initial. Operation : IMPORT-GEO-LANGUE-20260910-074827";"Saint-Siège";"Europe";"";"09/10/2026 05:50:14";"09/10/2026 05:50:14";"UserId:11";"UserId:11"
"50";"Luxembourgeois";"ID-GEO-LAN-000050";"LB";"lb";"Oui";"Non";"Non";"Non";"Non";"50";"Import CSV initial. Operation : IMPORT-GEO-LANGUE-20260910-074827";"Luxembourg";"Europe";"";"09/10/2026 05:50:16";"09/10/2026 05:50:16";"UserId:11";"UserId:11"
"51";"Lingala";"ID-GEO-LAN-000051";"LN";"ln";"Oui";"Non";"Non";"Non";"Non";"51";"Import CSV initial. Operation : IMPORT-GEO-LANGUE-20260910-074827";"Congo | République démocratique du Congo";"Afrique";"";"09/10/2026 05:50:18";"09/10/2026 05:50:18";"UserId:11";"UserId:11"
"52";"Lao";"ID-GEO-LAN-000052";"LO";"lo";"Oui";"Non";"Non";"Non";"Non";"52";"Import CSV initial. Operation : IMPORT-GEO-LANGUE-20260910-074827";"Laos";"Asie";"";"09/10/2026 05:50:20";"09/10/2026 05:50:20";"UserId:11";"UserId:11"
"53";"Lituanien";"ID-GEO-LAN-000053";"LT";"lt";"Oui";"Non";"Non";"Non";"Non";"53";"Import CSV initial. Operation : IMPORT-GEO-LANGUE-20260910-074827";"Lituanie";"Europe";"";"09/10/2026 05:50:22";"09/10/2026 05:50:22";"UserId:11";"UserId:11"
"54";"Tshiluba";"ID-GEO-LAN-000054";"LU";"lu";"Oui";"Non";"Non";"Non";"Non";"54";"Import CSV initial. Operation : IMPORT-GEO-LANGUE-20260910-074827";"République démocratique du Congo";"Afrique";"";"09/10/2026 05:50:24";"09/10/2026 05:50:24";"UserId:11";"UserId:11"
"55";"Letton";"ID-GEO-LAN-000055";"LV";"lv";"Oui";"Non";"Non";"Non";"Non";"55";"Import CSV initial. Operation : IMPORT-GEO-LANGUE-20260910-074827";"Lettonie";"Europe";"";"09/10/2026 05:50:26";"09/10/2026 05:50:26";"UserId:11";"UserId:11"
"56";"Malgache";"ID-GEO-LAN-000056";"MG";"mg";"Oui";"Non";"Non";"Non";"Non";"56";"Import CSV initial. Operation : IMPORT-GEO-LANGUE-20260910-074827";"Madagascar";"Afrique";"";"09/10/2026 05:50:28";"09/10/2026 05:50:28";"UserId:11";"UserId:11"
"57";"Marshallais";"ID-GEO-LAN-000057";"MH";"mh";"Oui";"Non";"Non";"Non";"Non";"57";"Import CSV initial. Operation : IMPORT-GEO-LANGUE-20260910-074827";"Îles Marshall";"Océanie";"";"09/10/2026 05:50:30";"09/10/2026 05:50:30";"UserId:11";"UserId:11"
"58";"Maori";"ID-GEO-LAN-000058";"MI";"mi";"Oui";"Non";"Non";"Non";"Non";"58";"Import CSV initial. Operation : IMPORT-GEO-LANGUE-20260910-074827";"Nouvelle-Zélande";"Océanie";"";"09/10/2026 05:50:33";"09/10/2026 05:50:33";"UserId:11";"UserId:11"
"59";"Macédonien";"ID-GEO-LAN-000059";"MK";"mk";"Oui";"Non";"Non";"Non";"Non";"59";"Import CSV initial. Operation : IMPORT-GEO-LANGUE-20260910-074827";"Macédoine";"Europe";"";"09/10/2026 05:50:35";"09/10/2026 05:50:35";"UserId:11";"UserId:11"
"60";"Mongol";"ID-GEO-LAN-000060";"MN";"mn";"Oui";"Non";"Non";"Non";"Non";"60";"Import CSV initial. Operation : IMPORT-GEO-LANGUE-20260910-074827";"Mongolie";"Asie";"";"09/10/2026 05:50:36";"09/10/2026 05:50:36";"UserId:11";"UserId:11"
"61";"Malais";"ID-GEO-LAN-000061";"MS";"ms";"Oui";"Non";"Non";"Non";"Non";"61";"Import CSV initial. Operation : IMPORT-GEO-LANGUE-20260910-074827";"Brunéi Darussalam | Singapour";"Asie";"";"09/10/2026 05:50:38";"09/10/2026 05:50:38";"UserId:11";"UserId:11"
"62";"Maltais";"ID-GEO-LAN-000062";"MT";"mt";"Oui";"Non";"Non";"Non";"Non";"62";"Import CSV initial. Operation : IMPORT-GEO-LANGUE-20260910-074827";"Malte";"Europe";"";"09/10/2026 05:50:40";"09/10/2026 05:50:40";"UserId:11";"UserId:11"
"63";"Birman";"ID-GEO-LAN-000063";"MY";"my";"Oui";"Non";"Non";"Non";"Non";"63";"Import CSV initial. Operation : IMPORT-GEO-LANGUE-20260910-074827";"Myanmar";"Asie";"";"09/10/2026 05:50:43";"09/10/2026 05:50:43";"UserId:11";"UserId:11"
"64";"Nauruan";"ID-GEO-LAN-000064";"NA";"na";"Oui";"Non";"Non";"Non";"Non";"64";"Import CSV initial. Operation : IMPORT-GEO-LANGUE-20260910-074827";"Nauru";"Océanie";"";"09/10/2026 05:50:45";"09/10/2026 05:50:45";"UserId:11";"UserId:11"
"65";"Norvégien bokmål";"ID-GEO-LAN-000065";"NB";"nb";"Oui";"Non";"Non";"Non";"Non";"65";"Import CSV initial. Operation : IMPORT-GEO-LANGUE-20260910-074827";"Norvège";"Europe";"";"09/10/2026 05:50:47";"09/10/2026 05:50:47";"UserId:11";"UserId:11"
"66";"Sindebele";"ID-GEO-LAN-000066";"ND";"nd";"Oui";"Non";"Non";"Non";"Non";"66";"Import CSV initial. Operation : IMPORT-GEO-LANGUE-20260910-074827";"Zimbabwe";"Afrique";"";"09/10/2026 05:50:49";"09/10/2026 05:50:49";"UserId:11";"UserId:11"
"67";"Népalais";"ID-GEO-LAN-000067";"NE";"ne";"Oui";"Non";"Non";"Non";"Non";"67";"Import CSV initial. Operation : IMPORT-GEO-LANGUE-20260910-074827";"Népal";"Asie";"";"09/10/2026 05:50:51";"09/10/2026 05:50:51";"UserId:11";"UserId:11"
"68";"Néerlandais";"ID-GEO-LAN-000068";"NL";"nl";"Oui";"Non";"Non";"Non";"Non";"68";"Import CSV initial. Operation : IMPORT-GEO-LANGUE-20260910-074827";"Aruba | Belgique | Bonaire, Saint-Eustache et Saba | Curaçao | Pays-Bas | Saint-Martin (partie néerlandaise) | Surinam";"Amérique du Nord | Amérique du Sud | Europe";"";"09/10/2026 05:50:53";"09/10/2026 05:50:53";"UserId:11";"UserId:11"
"69";"Norvégien nynorsk";"ID-GEO-LAN-000069";"NN";"nn";"Oui";"Non";"Non";"Non";"Non";"69";"Import CSV initial. Operation : IMPORT-GEO-LANGUE-20260910-074827";"Norvège";"Europe";"";"09/10/2026 05:50:55";"09/10/2026 05:50:55";"UserId:11";"UserId:11"
"70";"Norvégien";"ID-GEO-LAN-000070";"NO";"no";"Oui";"Non";"Non";"Non";"Non";"70";"Import CSV initial. Operation : IMPORT-GEO-LANGUE-20260910-074827";"Norvège | Svalbard et Jan Mayen | Île Bouvet";"Antarctique | Europe";"";"09/10/2026 05:50:57";"09/10/2026 05:50:57";"UserId:11";"UserId:11"
"71";"Ndébélé du Sud";"ID-GEO-LAN-000071";"NR";"nr";"Oui";"Non";"Non";"Non";"Non";"71";"Import CSV initial. Operation : IMPORT-GEO-LANGUE-20260910-074827";"Afrique du Sud";"Afrique";"";"09/10/2026 05:50:59";"09/10/2026 05:50:59";"UserId:11";"UserId:11"
"72";"Chichewa";"ID-GEO-LAN-000072";"NY";"ny";"Oui";"Non";"Non";"Non";"Non";"72";"Import CSV initial. Operation : IMPORT-GEO-LANGUE-20260910-074827";"Malawi";"Afrique";"";"09/10/2026 05:51:01";"09/10/2026 05:51:01";"UserId:11";"UserId:11"
"73";"Pendjabi";"ID-GEO-LAN-000073";"PA";"pa";"Oui";"Non";"Non";"Non";"Non";"73";"Import CSV initial. Operation : IMPORT-GEO-LANGUE-20260910-074827";"Aruba";"Amérique du Nord";"";"09/10/2026 05:51:03";"09/10/2026 05:51:03";"UserId:11";"UserId:11"
"74";"Polonais";"ID-GEO-LAN-000074";"PL";"pl";"Oui";"Non";"Non";"Non";"Non";"74";"Import CSV initial. Operation : IMPORT-GEO-LANGUE-20260910-074827";"Pologne";"Europe";"";"09/10/2026 05:51:05";"09/10/2026 05:51:05";"UserId:11";"UserId:11"
"75";"Pachto";"ID-GEO-LAN-000075";"PS";"ps";"Oui";"Non";"Non";"Non";"Non";"75";"Import CSV initial. Operation : IMPORT-GEO-LANGUE-20260910-074827";"Afghanistan";"Asie";"";"09/10/2026 05:51:07";"09/10/2026 05:51:07";"UserId:11";"UserId:11"
"76";"Portugais";"ID-GEO-LAN-000076";"PT";"pt";"Oui";"Non";"Non";"Non";"Non";"76";"Import CSV initial. Operation : IMPORT-GEO-LANGUE-20260910-074827";"Angola | Brésil | Cap-Vert | Guinée-Bissau | Macao | Mozambique | Portugal | Sao Tomé-et-Principe | Timor oriental";"Afrique | Amérique du Sud | Asie | Europe";"";"09/10/2026 05:51:09";"09/10/2026 05:51:09";"UserId:11";"UserId:11"
"77";"Quechua";"ID-GEO-LAN-000077";"QU";"qu";"Oui";"Non";"Non";"Non";"Non";"77";"Import CSV initial. Operation : IMPORT-GEO-LANGUE-20260910-074827";"Bolivie";"Amérique du Sud";"";"09/10/2026 05:51:11";"09/10/2026 05:51:11";"UserId:11";"UserId:11"
"78";"Kirundi";"ID-GEO-LAN-000078";"RN";"rn";"Oui";"Non";"Non";"Non";"Non";"78";"Import CSV initial. Operation : IMPORT-GEO-LANGUE-20260910-074827";"Burundi";"Afrique";"";"09/10/2026 05:51:13";"09/10/2026 05:51:13";"UserId:11";"UserId:11"
"79";"Roumain";"ID-GEO-LAN-000079";"RO";"ro";"Oui";"Non";"Non";"Non";"Non";"79";"Import CSV initial. Operation : IMPORT-GEO-LANGUE-20260910-074827";"Moldova | Roumanie";"Europe";"";"09/10/2026 05:51:15";"09/10/2026 05:51:15";"UserId:11";"UserId:11"
"80";"Serbe";"ID-GEO-LAN-000080";"RS";"rs";"Oui";"Non";"Non";"Non";"Non";"80";"Import CSV initial. Operation : IMPORT-GEO-LANGUE-20260910-074827";"Serbie";"Europe";"";"09/10/2026 05:51:17";"09/10/2026 05:51:17";"UserId:11";"UserId:11"
"81";"Russe";"ID-GEO-LAN-000081";"RU";"ru";"Oui";"Non";"Non";"Non";"Non";"81";"Import CSV initial. Operation : IMPORT-GEO-LANGUE-20260910-074827";"Arménie | Bélarus | Kazakhstan | Kirghizistan | Ouzbékistan | Russie | Tadjikistan | Turkménistan";"Asie | Europe";"";"09/10/2026 05:51:19";"09/10/2026 05:51:19";"UserId:11";"UserId:11"
"82";"Kinyarwanda";"ID-GEO-LAN-000082";"RW";"rw";"Oui";"Non";"Non";"Non";"Non";"82";"Import CSV initial. Operation : IMPORT-GEO-LANGUE-20260910-074827";"Rwanda";"Afrique";"";"09/10/2026 05:51:22";"09/10/2026 05:51:22";"UserId:11";"UserId:11"
"83";"Sango";"ID-GEO-LAN-000083";"SG";"sg";"Oui";"Non";"Non";"Non";"Non";"83";"Import CSV initial. Operation : IMPORT-GEO-LANGUE-20260910-074827";"République centrafricaine";"Afrique";"";"09/10/2026 05:51:23";"09/10/2026 05:51:23";"UserId:11";"UserId:11"
"84";"Singhalais";"ID-GEO-LAN-000084";"SI";"si";"Oui";"Non";"Non";"Non";"Non";"84";"Import CSV initial. Operation : IMPORT-GEO-LANGUE-20260910-074827";"Sri Lanka";"Asie";"";"09/10/2026 05:51:25";"09/10/2026 05:51:25";"UserId:11";"UserId:11"
"85";"Slovaque";"ID-GEO-LAN-000085";"SK";"sk";"Oui";"Non";"Non";"Non";"Non";"85";"Import CSV initial. Operation : IMPORT-GEO-LANGUE-20260910-074827";"Slovaquie | Tchéquie";"Europe";"";"09/10/2026 05:51:27";"09/10/2026 05:51:27";"UserId:11";"UserId:11"
"86";"Slovène";"ID-GEO-LAN-000086";"SL";"sl";"Oui";"Non";"Non";"Non";"Non";"86";"Import CSV initial. Operation : IMPORT-GEO-LANGUE-20260910-074827";"Slovénie";"Europe";"";"09/10/2026 05:51:29";"09/10/2026 05:51:29";"UserId:11";"UserId:11"
"87";"Samoan";"ID-GEO-LAN-000087";"SM";"sm";"Oui";"Non";"Non";"Non";"Non";"87";"Import CSV initial. Operation : IMPORT-GEO-LANGUE-20260910-074827";"Samoa | Samoa américaines";"Océanie";"";"09/10/2026 05:51:32";"09/10/2026 05:51:32";"UserId:11";"UserId:11"
"88";"Shona";"ID-GEO-LAN-000088";"SN";"sn";"Oui";"Non";"Non";"Non";"Non";"88";"Import CSV initial. Operation : IMPORT-GEO-LANGUE-20260910-074827";"Zimbabwe";"Afrique";"";"09/10/2026 05:51:34";"09/10/2026 05:51:34";"UserId:11";"UserId:11"
"89";"Somali";"ID-GEO-LAN-000089";"SO";"so";"Oui";"Non";"Non";"Non";"Non";"89";"Import CSV initial. Operation : IMPORT-GEO-LANGUE-20260910-074827";"Somalie";"Afrique";"";"09/10/2026 05:51:36";"09/10/2026 05:51:36";"UserId:11";"UserId:11"
"90";"Albanais";"ID-GEO-LAN-000090";"SQ";"sq";"Oui";"Non";"Non";"Non";"Non";"90";"Import CSV initial. Operation : IMPORT-GEO-LANGUE-20260910-074827";"Albanie";"Europe";"";"09/10/2026 05:51:38";"09/10/2026 05:51:38";"UserId:11";"UserId:11"
"91";"Serbe";"ID-GEO-LAN-000091";"SR";"sr";"Oui";"Non";"Non";"Non";"Non";"91";"Import CSV initial. Operation : IMPORT-GEO-LANGUE-20260910-074827";"Bosnie-Herzégovine | Monténégro";"Europe";"";"09/10/2026 05:51:40";"09/10/2026 05:51:40";"UserId:11";"UserId:11"
"92";"Swati";"ID-GEO-LAN-000092";"SS";"ss";"Oui";"Non";"Non";"Non";"Non";"92";"Import CSV initial. Operation : IMPORT-GEO-LANGUE-20260910-074827";"Afrique du Sud | Swaziland";"Afrique";"";"09/10/2026 05:51:42";"09/10/2026 05:51:42";"UserId:11";"UserId:11"
"93";"Sotho du Sud";"ID-GEO-LAN-000093";"ST";"st";"Oui";"Non";"Non";"Non";"Non";"93";"Import CSV initial. Operation : IMPORT-GEO-LANGUE-20260910-074827";"Afrique du Sud | Lesotho";"Afrique";"";"09/10/2026 05:51:44";"09/10/2026 05:51:44";"UserId:11";"UserId:11"
"94";"Suédois";"ID-GEO-LAN-000094";"SV";"sv";"Oui";"Non";"Non";"Non";"Non";"94";"Import CSV initial. Operation : IMPORT-GEO-LANGUE-20260910-074827";"Finlande | Suède | Îles Åland";"Europe";"";"09/10/2026 05:51:46";"09/10/2026 05:51:46";"UserId:11";"UserId:11"
"95";"Swahili";"ID-GEO-LAN-000095";"SW";"sw";"Oui";"Non";"Non";"Non";"Non";"95";"Import CSV initial. Operation : IMPORT-GEO-LANGUE-20260910-074827";"Kenya | République démocratique du Congo | Tanzanie | Uganda";"Afrique";"";"09/10/2026 05:51:48";"09/10/2026 05:51:48";"UserId:11";"UserId:11"
"96";"Tamoul";"ID-GEO-LAN-000096";"TA";"ta";"Oui";"Non";"Non";"Non";"Non";"96";"Import CSV initial. Operation : IMPORT-GEO-LANGUE-20260910-074827";"Singapour | Sri Lanka";"Asie";"";"09/10/2026 05:51:50";"09/10/2026 05:51:50";"UserId:11";"UserId:11"
"97";"Tadjik";"ID-GEO-LAN-000097";"TG";"tg";"Oui";"Non";"Non";"Non";"Non";"97";"Import CSV initial. Operation : IMPORT-GEO-LANGUE-20260910-074827";"Tadjikistan";"Asie";"";"09/10/2026 05:51:52";"09/10/2026 05:51:52";"UserId:11";"UserId:11"
"98";"Thaï";"ID-GEO-LAN-000098";"TH";"th";"Oui";"Non";"Non";"Non";"Non";"98";"Import CSV initial. Operation : IMPORT-GEO-LANGUE-20260910-074827";"Thaïlande";"Asie";"";"09/10/2026 05:51:54";"09/10/2026 05:51:54";"UserId:11";"UserId:11"
"99";"Tigrigna";"ID-GEO-LAN-000099";"TI";"ti";"Oui";"Non";"Non";"Non";"Non";"99";"Import CSV initial. Operation : IMPORT-GEO-LANGUE-20260910-074827";"Érythrée";"Afrique";"";"09/10/2026 05:51:57";"09/10/2026 05:51:57";"UserId:11";"UserId:11"
"100";"Turkmène";"ID-GEO-LAN-000100";"TK";"tk";"Oui";"Non";"Non";"Non";"Non";"100";"Import CSV initial. Operation : IMPORT-GEO-LANGUE-20260910-074827";"Afghanistan | Turkménistan";"Asie";"";"09/10/2026 05:51:59";"09/10/2026 05:51:59";"UserId:11";"UserId:11"
"101";"Tswana";"ID-GEO-LAN-000101";"TN";"tn";"Oui";"Non";"Non";"Non";"Non";"101";"Import CSV initial. Operation : IMPORT-GEO-LANGUE-20260910-074827";"Afrique du Sud | Botswana";"Afrique";"";"09/10/2026 05:52:01";"09/10/2026 05:52:01";"UserId:11";"UserId:11"
"102";"Tongien";"ID-GEO-LAN-000102";"TO";"to";"Oui";"Non";"Non";"Non";"Non";"102";"Import CSV initial. Operation : IMPORT-GEO-LANGUE-20260910-074827";"Tonga";"Océanie";"";"09/10/2026 05:52:03";"09/10/2026 05:52:03";"UserId:11";"UserId:11"
"103";"Turc";"ID-GEO-LAN-000103";"TR";"tr";"Oui";"Non";"Non";"Non";"Non";"103";"Import CSV initial. Operation : IMPORT-GEO-LANGUE-20260910-074827";"Chypre | Turquie";"Asie | Europe";"";"09/10/2026 05:52:05";"09/10/2026 05:52:05";"UserId:11";"UserId:11"
"104";"Tsonga";"ID-GEO-LAN-000104";"TS";"ts";"Oui";"Non";"Non";"Non";"Non";"104";"Import CSV initial. Operation : IMPORT-GEO-LANGUE-20260910-074827";"Afrique du Sud";"Afrique";"";"09/10/2026 05:52:07";"09/10/2026 05:52:07";"UserId:11";"UserId:11"
"105";"Ukrainien";"ID-GEO-LAN-000105";"UK";"uk";"Oui";"Non";"Non";"Non";"Non";"105";"Import CSV initial. Operation : IMPORT-GEO-LANGUE-20260910-074827";"Ukraine";"Europe";"";"09/10/2026 05:52:09";"09/10/2026 05:52:09";"UserId:11";"UserId:11"
"106";"Ourdou";"ID-GEO-LAN-000106";"UR";"ur";"Oui";"Non";"Non";"Non";"Non";"106";"Import CSV initial. Operation : IMPORT-GEO-LANGUE-20260910-074827";"Fidji | Pakistan";"Asie | Océanie";"";"09/10/2026 05:52:11";"09/10/2026 05:52:11";"UserId:11";"UserId:11"
"107";"Ouzbek";"ID-GEO-LAN-000107";"UZ";"uz";"Oui";"Non";"Non";"Non";"Non";"107";"Import CSV initial. Operation : IMPORT-GEO-LANGUE-20260910-074827";"Afghanistan | Ouzbékistan";"Asie";"";"09/10/2026 05:52:13";"09/10/2026 05:52:13";"UserId:11";"UserId:11"
"108";"Venda";"ID-GEO-LAN-000108";"VE";"ve";"Oui";"Non";"Non";"Non";"Non";"108";"Import CSV initial. Operation : IMPORT-GEO-LANGUE-20260910-074827";"Afrique du Sud";"Afrique";"";"09/10/2026 05:52:16";"09/10/2026 05:52:16";"UserId:11";"UserId:11"
"109";"Vietnamien";"ID-GEO-LAN-000109";"VI";"vi";"Oui";"Non";"Non";"Non";"Non";"109";"Import CSV initial. Operation : IMPORT-GEO-LANGUE-20260910-074827";"Viêt Nam";"Asie";"";"09/10/2026 05:52:18";"09/10/2026 05:52:18";"UserId:11";"UserId:11"
"110";"Xhosa";"ID-GEO-LAN-000110";"XH";"xh";"Oui";"Non";"Non";"Non";"Non";"110";"Import CSV initial. Operation : IMPORT-GEO-LANGUE-20260910-074827";"Afrique du Sud";"Afrique";"";"09/10/2026 05:52:20";"09/10/2026 05:52:20";"UserId:11";"UserId:11"
"111";"Chinois";"ID-GEO-LAN-000111";"ZH";"zh";"Oui";"Non";"Non";"Non";"Non";"111";"Import CSV initial. Operation : IMPORT-GEO-LANGUE-20260910-074827";"Chine | Hong Kong | Macao | Singapour | Taïwan";"Asie";"";"09/10/2026 05:52:22";"09/10/2026 05:52:22";"UserId:11";"UserId:11"
"112";"Zoulou";"ID-GEO-LAN-000112";"ZU";"zu";"Oui";"Non";"Non";"Non";"Non";"112";"Import CSV initial. Operation : IMPORT-GEO-LANGUE-20260910-074827";"Afrique du Sud";"Afrique";"";"09/10/2026 05:52:24";"09/10/2026 05:52:24";"UserId:11";"UserId:11"