"id";"Title";"IDGeoRegion";"CodeRegion";"CodeRegionONU";"CodeSousRegionONU";"DescriptionRegion";"Actif";"OrdreAffichage";"ValidationDSE";"Verrouille";"ControlePascAra";"AnomalieDetectee";"NotesDSE";"Pays";"Source";"ChefLieu";"TypeRegion";"PaysTexte";"ContinentTexte";"ZoneTexte";"SourceTexte";"DSELookupContinent";"DSELookupZone";"OBJREF";"Modified";"Created";"Author";"Editor"
"1";"Guadeloupe";"ID-GEO-REG-000001";"1";"";"";"Région française Guadeloupe, code officiel géographique 01, chef-lieu Basse-Terre.";"Oui";"10";"Non";"Non";"Non";"Non";"Import GEO-REGIONS.csv sans lookup; Operation IMPORT-GEO-REGIONS-SANS-LOOKUP-20260910-202324";"";"";"Basse-Terre";"OUTRE-MER";"France";"Amérique du Nord";"Caraïbes";"https://www.insee.fr/fr/information/8740222";"";"";"";"09/10/2026 20:28:49";"09/10/2026 18:23:45";"";""
"2";"Martinique";"ID-GEO-REG-000002";"2";"";"";"Région française Martinique, code officiel géographique 02, chef-lieu Fort-de-France.";"Oui";"20";"Non";"Non";"Non";"Non";"Import GEO-REGIONS.csv sans lookup; Operation IMPORT-GEO-REGIONS-SANS-LOOKUP-20260910-202324";"";"";"Fort-de-France";"OUTRE-MER";"France";"Amérique du Nord";"Caraïbes";"https://www.insee.fr/fr/information/8740222";"";"";"";"09/10/2026 20:28:50";"09/10/2026 18:23:46";"";""
"3";"Guyane";"ID-GEO-REG-000003";"3";"";"";"Région française Guyane, code officiel géographique 03, chef-lieu Cayenne.";"Oui";"30";"Non";"Non";"Non";"Non";"Import GEO-REGIONS.csv sans lookup; Operation IMPORT-GEO-REGIONS-SANS-LOOKUP-20260910-202324";"";"";"Cayenne";"OUTRE-MER";"France";"Amérique du Sud";"Amérique du Sud";"https://www.insee.fr/fr/information/8740222";"";"";"";"09/10/2026 20:28:51";"09/10/2026 18:23:48";"";""
"4";"La Réunion";"ID-GEO-REG-000004";"4";"";"";"Région française La Réunion, code officiel géographique 04, chef-lieu Saint-Denis.";"Oui";"40";"Non";"Non";"Non";"Non";"Import GEO-REGIONS.csv sans lookup; Operation IMPORT-GEO-REGIONS-SANS-LOOKUP-20260910-202324";"";"";"Saint-Denis";"OUTRE-MER";"France";"Afrique";"Afrique de l’Est";"https://www.insee.fr/fr/information/8740222";"";"";"";"09/10/2026 20:28:52";"09/10/2026 18:23:48";"";""
"5";"Mayotte";"ID-GEO-REG-000005";"6";"";"";"Région française Mayotte, code officiel géographique 06, chef-lieu Mamoudzou.";"Oui";"50";"Non";"Non";"Non";"Non";"Import GEO-REGIONS.csv sans lookup; Operation IMPORT-GEO-REGIONS-SANS-LOOKUP-20260910-202324";"";"";"Mamoudzou";"OUTRE-MER";"France";"Afrique";"Afrique de l’Est";"https://www.insee.fr/fr/information/8740222";"";"";"";"09/10/2026 20:28:54";"09/10/2026 18:23:49";"";""
"6";"Île-de-France";"ID-GEO-REG-000006";"11";"";"";"Région française Île-de-France, code officiel géographique 11, chef-lieu Paris.";"Oui";"60";"Non";"Non";"Non";"Non";"Import GEO-REGIONS.csv sans lookup; Operation IMPORT-GEO-REGIONS-SANS-LOOKUP-20260910-202324";"";"";"Paris";"METROPOLE";"France";"Europe";"Europe de l’Ouest";"https://www.insee.fr/fr/information/8740222";"";"";"";"09/10/2026 20:28:55";"09/10/2026 18:23:49";"";""
"7";"Centre-Val de Loire";"ID-GEO-REG-000007";"24";"";"";"Région française Centre-Val de Loire, code officiel géographique 24, chef-lieu Orléans.";"Oui";"70";"Non";"Non";"Non";"Non";"Import GEO-REGIONS.csv sans lookup; Operation IMPORT-GEO-REGIONS-SANS-LOOKUP-20260910-202324";"";"";"Orléans";"METROPOLE";"France";"Europe";"Europe de l’Ouest";"https://www.insee.fr/fr/information/8740222";"";"";"";"09/10/2026 20:28:56";"09/10/2026 18:23:50";"";""
"8";"Bourgogne-Franche-Comté";"ID-GEO-REG-000008";"27";"";"";"Région française Bourgogne-Franche-Comté, code officiel géographique 27, chef-lieu Dijon.";"Oui";"80";"Non";"Non";"Non";"Non";"Import GEO-REGIONS.csv sans lookup; Operation IMPORT-GEO-REGIONS-SANS-LOOKUP-20260910-202324";"";"";"Dijon";"METROPOLE";"France";"Europe";"Europe de l’Ouest";"https://www.insee.fr/fr/information/8740222";"";"";"";"09/10/2026 20:28:57";"09/10/2026 18:23:51";"";""
"9";"Normandie";"ID-GEO-REG-000009";"28";"";"";"Région française Normandie, code officiel géographique 28, chef-lieu Rouen.";"Oui";"90";"Non";"Non";"Non";"Non";"Import GEO-REGIONS.csv sans lookup; Operation IMPORT-GEO-REGIONS-SANS-LOOKUP-20260910-202324";"";"";"Rouen";"METROPOLE";"France";"Europe";"Europe de l’Ouest";"https://www.insee.fr/fr/information/8740222";"";"";"";"09/10/2026 20:28:58";"09/10/2026 18:23:52";"";""
"10";"Hauts-de-France";"ID-GEO-REG-000010";"32";"";"";"Région française Hauts-de-France, code officiel géographique 32, chef-lieu Lille.";"Oui";"100";"Non";"Non";"Non";"Non";"Import GEO-REGIONS.csv sans lookup; Operation IMPORT-GEO-REGIONS-SANS-LOOKUP-20260910-202324";"";"";"Lille";"METROPOLE";"France";"Europe";"Europe de l’Ouest";"https://www.insee.fr/fr/information/8740222";"";"";"";"09/10/2026 20:28:59";"09/10/2026 18:23:53";"";""
"11";"Grand Est";"ID-GEO-REG-000011";"44";"";"";"Région française Grand Est, code officiel géographique 44, chef-lieu Strasbourg.";"Oui";"110";"Non";"Non";"Non";"Non";"Import GEO-REGIONS.csv sans lookup; Operation IMPORT-GEO-REGIONS-SANS-LOOKUP-20260910-202324";"";"";"Strasbourg";"METROPOLE";"France";"Europe";"Europe de l’Ouest";"https://www.insee.fr/fr/information/8740222";"";"";"";"09/10/2026 20:29:01";"09/10/2026 18:23:55";"";""
"12";"Pays de la Loire";"ID-GEO-REG-000012";"52";"";"";"Région française Pays de la Loire, code officiel géographique 52, chef-lieu Nantes.";"Oui";"120";"Non";"Non";"Non";"Non";"Import GEO-REGIONS.csv sans lookup; Operation IMPORT-GEO-REGIONS-SANS-LOOKUP-20260910-202324";"";"";"Nantes";"METROPOLE";"France";"Europe";"Europe de l’Ouest";"https://www.insee.fr/fr/information/8740222";"";"";"";"09/10/2026 20:29:01";"09/10/2026 18:23:55";"";""
"13";"Bretagne";"ID-GEO-REG-000013";"53";"";"";"Région française Bretagne, code officiel géographique 53, chef-lieu Rennes.";"Oui";"130";"Non";"Non";"Non";"Non";"Import GEO-REGIONS.csv sans lookup; Operation IMPORT-GEO-REGIONS-SANS-LOOKUP-20260910-202324";"";"";"Rennes";"METROPOLE";"France";"Europe";"Europe de l’Ouest";"https://www.insee.fr/fr/information/8740222";"";"";"";"09/10/2026 20:29:02";"09/10/2026 18:23:56";"";""
"14";"Nouvelle-Aquitaine";"ID-GEO-REG-000014";"75";"";"";"Région française Nouvelle-Aquitaine, code officiel géographique 75, chef-lieu Bordeaux.";"Oui";"140";"Non";"Non";"Non";"Non";"Import GEO-REGIONS.csv sans lookup; Operation IMPORT-GEO-REGIONS-SANS-LOOKUP-20260910-202324";"";"";"Bordeaux";"METROPOLE";"France";"Europe";"Europe de l’Ouest";"https://www.insee.fr/fr/information/8740222";"";"";"";"09/10/2026 20:29:03";"09/10/2026 18:23:58";"";""
"15";"Occitanie";"ID-GEO-REG-000015";"76";"";"";"Région française Occitanie, code officiel géographique 76, chef-lieu Toulouse.";"Oui";"150";"Non";"Non";"Non";"Non";"Import GEO-REGIONS.csv sans lookup; Operation IMPORT-GEO-REGIONS-SANS-LOOKUP-20260910-202324";"";"";"Toulouse";"METROPOLE";"France";"Europe";"Europe de l’Ouest";"https://www.insee.fr/fr/information/8740222";"";"";"";"09/10/2026 20:29:04";"09/10/2026 18:23:58";"";""
"16";"Auvergne-Rhône-Alpes";"ID-GEO-REG-000016";"84";"";"";"Région française Auvergne-Rhône-Alpes, code officiel géographique 84, chef-lieu Lyon.";"Oui";"160";"Non";"Non";"Non";"Non";"Import GEO-REGIONS.csv sans lookup; Operation IMPORT-GEO-REGIONS-SANS-LOOKUP-20260910-202324";"";"";"Lyon";"METROPOLE";"France";"Europe";"Europe de l’Ouest";"https://www.insee.fr/fr/information/8740222";"";"";"";"09/10/2026 20:29:05";"09/10/2026 18:23:58";"";""
"17";"Provence-Alpes-Côte d’Azur";"ID-GEO-REG-000017";"93";"";"";"Région française Provence-Alpes-Côte d’Azur, code officiel géographique 93, chef-lieu Marseille.";"Oui";"170";"Non";"Non";"Non";"Non";"Import GEO-REGIONS.csv sans lookup; Operation IMPORT-GEO-REGIONS-SANS-LOOKUP-20260910-202324";"";"";"Marseille";"METROPOLE";"France";"Europe";"Europe de l’Ouest";"https://www.insee.fr/fr/information/8740222";"";"";"";"09/10/2026 20:29:06";"09/10/2026 18:23:59";"";""
"18";"Corse";"ID-GEO-REG-000018";"94";"";"";"Région française Corse, code officiel géographique 94, chef-lieu Ajaccio.";"Oui";"180";"Non";"Non";"Non";"Non";"Import GEO-REGIONS.csv sans lookup; Operation IMPORT-GEO-REGIONS-SANS-LOOKUP-20260910-202324";"";"";"Ajaccio";"METROPOLE";"France";"Europe";"Europe du Sud";"https://www.insee.fr/fr/information/8740222";"";"";"";"09/10/2026 20:29:07";"09/10/2026 18:24:00";"";""