"id";"Title";"IDJrnGeo";"DateEvenement";"TypeEvenement";"ActionGeo";"ListeGeo";"SourceGeo";"FichierSource";"NbLignes";"NbCreations";"NbMaj";"NbErreurs";"StatutGeo";"DetailsGeo";"Verrouille";"ValidationDSE";"OBJREF";"Modified";"Created";"Author";"Editor"
"1";"Enregistrement source GEO";"";"10/09/2026 09:50:13";"";"Création";"OBJ-GEO-SOURCE";"";"GEO-CONTINENTS.csv";"";"";"";"";"SUCCES";"";"";"";"";"09/10/2026 07:50:16";"09/10/2026 07:50:16";"UserId:11";"UserId:11"
"2";"Enregistrement source GEO";"";"10/09/2026 09:50:13";"";"Création";"OBJ-GEO-SOURCE";"";"GEO-DEVISES-IMPORT.csv";"";"";"";"";"SUCCES";"";"";"";"";"09/10/2026 07:50:18";"09/10/2026 07:50:18";"UserId:11";"UserId:11"
"3";"Enregistrement source GEO";"";"10/09/2026 09:50:13";"";"Création";"OBJ-GEO-SOURCE";"";"GEO-LANGUES.csv";"";"";"";"";"SUCCES";"";"";"";"";"09/10/2026 07:50:20";"09/10/2026 07:50:20";"UserId:11";"UserId:11"
"4";"Enregistrement source GEO";"";"10/09/2026 09:50:13";"";"Création";"OBJ-GEO-SOURCE";"";"GEO-PAYS-IMPORT.csv";"";"";"";"";"SUCCES";"";"";"";"";"09/10/2026 07:50:23";"09/10/2026 07:50:23";"UserId:11";"UserId:11"
"5";"Enregistrement source GEO";"";"10/09/2026 09:50:13";"";"Création";"OBJ-GEO-SOURCE";"";"GEO-CAPITALES.csv";"";"";"";"";"SUCCES";"";"";"";"";"09/10/2026 07:50:25";"09/10/2026 07:50:25";"UserId:11";"UserId:11"
"6";"Enregistrement source GEO";"";"10/09/2026 09:50:13";"";"Création";"OBJ-GEO-SOURCE";"";"GEO-communes-france-2026.csv";"";"";"";"";"SUCCES";"";"";"";"";"09/10/2026 07:50:27";"09/10/2026 07:50:27";"UserId:11";"UserId:11"
"7";"Import GEO-DEVISES";"";"10/09/2026 09:59:22";"IMPORT";"Chargement GEO-DEVISES-IMPORT.csv";"OBJ-GEO-DEVISE";"CSV";"GEO-DEVISES-IMPORT.csv";"154";"154";"0";"0";"SUCCES";"Import devises terminé";"";"";"";"09/10/2026 08:03:11";"09/10/2026 08:03:11";"UserId:11";"UserId:11"
"8";"DEBUT GEO-VILLES";"JRN-GEO-20260910110754024";"10/09/2026 11:07:54";"DEBUT";"DEBUT import GEO-communes-france-2026.csv";"OBJ-GEO-VILLE";"CSV";"GEO-communes-france-2026.csv";"0";"0";"0";"0";"EN COURS";"Total CSV=34868; Reprise=0; Taille lot=5000";"Non";"Non";"";"09/10/2026 09:07:56";"09/10/2026 09:07:56";"UserId:11";"UserId:11"
"9";"ACTION GEO-VILLES";"JRN-GEO-20260910121455258";"10/09/2026 12:14:55";"ACTION";"ACTION import GEO-communes-france-2026.csv";"OBJ-GEO-VILLE";"CSV";"GEO-communes-france-2026.csv";"5000";"5000";"0";"0";"LOT TERMINE";"Lot=1; Fin=5000; Creations=5000; Ignores=0; Erreurs=0";"Non";"Non";"";"09/10/2026 10:14:57";"09/10/2026 10:14:57";"UserId:11";"UserId:11"
"10";"ACTION GEO-VILLES";"JRN-GEO-20260910132340597";"10/09/2026 13:23:40";"ACTION";"ACTION import GEO-communes-france-2026.csv";"OBJ-GEO-VILLE";"CSV";"GEO-communes-france-2026.csv";"10000";"10000";"0";"0";"LOT TERMINE";"Lot=2; Fin=10000; Creations=10000; Ignores=0; Erreurs=0";"Non";"Non";"";"09/10/2026 11:23:43";"09/10/2026 11:23:43";"UserId:11";"UserId:11"
"11";"ACTION GEO-VILLES";"JRN-GEO-20260910143219004";"10/09/2026 14:32:19";"ACTION";"ACTION import GEO-communes-france-2026.csv";"OBJ-GEO-VILLE";"CSV";"GEO-communes-france-2026.csv";"15000";"15000";"0";"0";"LOT TERMINE";"Lot=3; Fin=15000; Creations=15000; Ignores=0; Erreurs=0";"Non";"Non";"";"09/10/2026 12:32:20";"09/10/2026 12:32:20";"UserId:11";"UserId:11"
"12";"ACTION GEO-VILLES";"JRN-GEO-20260910154218277";"10/09/2026 15:42:18";"ACTION";"ACTION import GEO-communes-france-2026.csv";"OBJ-GEO-VILLE";"CSV";"GEO-communes-france-2026.csv";"20000";"20000";"0";"0";"LOT TERMINE";"Lot=4; Fin=20000; Creations=20000; Ignores=0; Erreurs=0";"Non";"Non";"";"09/10/2026 13:42:20";"09/10/2026 13:42:20";"UserId:11";"UserId:11"
"13";"ACTION GEO-VILLES";"JRN-GEO-20260910165018383";"10/09/2026 16:50:18";"ACTION";"ACTION import GEO-communes-france-2026.csv";"OBJ-GEO-VILLE";"CSV";"GEO-communes-france-2026.csv";"25000";"25000";"0";"0";"LOT TERMINE";"Lot=5; Fin=25000; Creations=25000; Ignores=0; Erreurs=0";"Non";"Non";"";"09/10/2026 14:50:20";"09/10/2026 14:50:20";"UserId:11";"UserId:11"
"14";"ACTION GEO-VILLES";"JRN-GEO-20260910175709681";"10/09/2026 17:57:09";"ACTION";"ACTION import GEO-communes-france-2026.csv";"OBJ-GEO-VILLE";"CSV";"GEO-communes-france-2026.csv";"30000";"30000";"0";"0";"LOT TERMINE";"Lot=6; Fin=30000; Creations=30000; Ignores=0; Erreurs=0";"Non";"Non";"";"09/10/2026 15:57:11";"09/10/2026 15:57:11";"UserId:11";"UserId:11"
"15";"ACTION GEO-VILLES";"JRN-GEO-20260910190310008";"10/09/2026 19:03:10";"ACTION";"ACTION import GEO-communes-france-2026.csv";"OBJ-GEO-VILLE";"CSV";"GEO-communes-france-2026.csv";"34868";"34868";"0";"0";"LOT TERMINE";"Lot=7; Fin=34868; Creations=34868; Ignores=0; Erreurs=0";"Non";"Non";"";"09/10/2026 17:03:11";"09/10/2026 17:03:11";"UserId:11";"UserId:11"
"16";"FIN GEO-VILLES";"JRN-GEO-20260910190312839";"10/09/2026 19:03:12";"FIN";"FIN import GEO-communes-france-2026.csv";"OBJ-GEO-VILLE";"CSV";"GEO-communes-france-2026.csv";"34868";"34868";"0";"0";"SUCCES";"Total=34868; Creations=34868; Ignores=0; Erreurs=0";"Non";"Non";"";"09/10/2026 17:03:14";"09/10/2026 17:03:14";"UserId:11";"UserId:11"
"17";"DEBUT GEO-ZONES";"JRN-GEO-20260910195604571";"10/09/2026 19:56:04";"DEBUT";"DEBUT import GEO-ZONES.csv";"OBJ-GEO-ZONE";"CSV";"GEO-ZONES.csv";"0";"0";"0";"0";"EN COURS";"Total CSV=35; Reprise=0; Taille lot=20";"Non";"Non";"";"09/10/2026 17:56:06";"09/10/2026 17:56:06";"UserId:11";"UserId:11"
"18";"ACTION GEO-ZONES";"JRN-GEO-20260910195621446";"10/09/2026 19:56:21";"ACTION";"ACTION import GEO-ZONES.csv";"OBJ-GEO-ZONE";"CSV";"GEO-ZONES.csv";"20";"20";"0";"1";"LOT TERMINE";"Lot=1; Fin=20; Creations=20; Ignores=0; Erreurs=1";"Non";"Non";"";"09/10/2026 17:56:22";"09/10/2026 17:56:22";"UserId:11";"UserId:11"
"19";"ACTION GEO-ZONES";"JRN-GEO-20260910195634796";"10/09/2026 19:56:34";"ACTION";"ACTION import GEO-ZONES.csv";"OBJ-GEO-ZONE";"CSV";"GEO-ZONES.csv";"35";"35";"0";"1";"LOT TERMINE";"Lot=2; Fin=35; Creations=35; Ignores=0; Erreurs=1";"Non";"Non";"";"09/10/2026 17:56:36";"09/10/2026 17:56:36";"UserId:11";"UserId:11"
"20";"FIN GEO-ZONES";"JRN-GEO-20260910195636509";"10/09/2026 19:56:36";"FIN";"FIN import GEO-ZONES.csv";"OBJ-GEO-ZONE";"CSV";"GEO-ZONES.csv";"35";"35";"0";"1";"";"Total=35; Creations=35; Ignores=0; Erreurs=1";"Non";"Non";"";"09/10/2026 17:56:37";"09/10/2026 17:56:37";"UserId:11";"UserId:11"
"21";"DEBUT GEO-REGIONS";"JRN-GEO-20260910200257176";"10/09/2026 20:02:57";"DEBUT";"DEBUT import GEO-REGIONS.csv";"OBJ-GEO-REGION";"CSV";"GEO-REGIONS.csv";"0";"0";"0";"0";"EN COURS";"Total CSV=18; Reprise=0; Taille lot=10";"Non";"Non";"";"09/10/2026 18:02:58";"09/10/2026 18:02:58";"UserId:11";"UserId:11"
"22";"ACTION GEO-REGIONS";"JRN-GEO-20260910200323602";"10/09/2026 20:03:23";"ACTION";"ACTION import GEO-REGIONS.csv";"OBJ-GEO-REGION";"CSV";"GEO-REGIONS.csv";"10";"0";"0";"10";"LOT TERMINE";"Lot=1; Fin=10; Creations=0; Ignores=0; Erreurs=10";"Non";"Non";"";"09/10/2026 18:03:24";"09/10/2026 18:03:24";"UserId:11";"UserId:11"
"23";"ACTION GEO-REGIONS";"JRN-GEO-20260910200325051";"10/09/2026 20:03:25";"ACTION";"ACTION import GEO-REGIONS.csv";"OBJ-GEO-REGION";"CSV";"GEO-REGIONS.csv";"18";"0";"0";"18";"LOT TERMINE";"Lot=2; Fin=18; Creations=0; Ignores=0; Erreurs=18";"Non";"Non";"";"09/10/2026 18:03:27";"09/10/2026 18:03:27";"UserId:11";"UserId:11"
"24";"FIN GEO-REGIONS";"JRN-GEO-20260910200326571";"10/09/2026 20:03:26";"FIN";"FIN import GEO-REGIONS.csv";"OBJ-GEO-REGION";"CSV";"GEO-REGIONS.csv";"18";"0";"0";"18";"A CONTROLER";"Total=18; Creations=0; Ignores=0; Erreurs=18";"Non";"Non";"";"09/10/2026 18:03:27";"09/10/2026 18:03:27";"UserId:11";"UserId:11"
"25";"DEBUT GEO-REGIONS SANS LOOKUP";"JRN-GEO-20260910202326546";"10/09/2026 20:23:26";"DEBUT";"DEBUT import GEO-REGIONS.csv sans lookup";"OBJ-GEO-REGION";"CSV";"GEO-REGIONS.csv";"0";"0";"0";"0";"EN COURS";"Total CSV=18; Reprise=0; Import sans lookup";"Non";"Non";"";"09/10/2026 18:23:28";"09/10/2026 18:23:28";"UserId:11";"UserId:11"
"26";"ACTION GEO-REGIONS SANS LOOKUP";"JRN-GEO-20260910202352512";"10/09/2026 20:23:52";"ACTION";"ACTION import GEO-REGIONS.csv sans lookup";"OBJ-GEO-REGION";"CSV";"GEO-REGIONS.csv";"10";"10";"0";"0";"LOT TERMINE";"Lot=1; Fin=10; Creations=10; Ignores=0; Erreurs=0; Sans lookup";"Non";"Non";"";"09/10/2026 18:23:53";"09/10/2026 18:23:53";"UserId:11";"UserId:11"
"27";"ACTION GEO-REGIONS SANS LOOKUP";"JRN-GEO-20260910202400108";"10/09/2026 20:24:00";"ACTION";"ACTION import GEO-REGIONS.csv sans lookup";"OBJ-GEO-REGION";"CSV";"GEO-REGIONS.csv";"18";"18";"0";"0";"LOT TERMINE";"Lot=2; Fin=18; Creations=18; Ignores=0; Erreurs=0; Sans lookup";"Non";"Non";"";"09/10/2026 18:24:01";"09/10/2026 18:24:01";"UserId:11";"UserId:11"
"28";"FIN GEO-REGIONS SANS LOOKUP";"JRN-GEO-20260910202401083";"10/09/2026 20:24:01";"FIN";"FIN import GEO-REGIONS.csv sans lookup";"OBJ-GEO-REGION";"CSV";"GEO-REGIONS.csv";"18";"18";"0";"0";"SUCCES";"Total=18; Creations=18; Ignores=0; Erreurs=0; Import sans lookup";"Non";"Non";"";"09/10/2026 18:24:02";"09/10/2026 18:24:02";"UserId:11";"UserId:11"
"29";"DEBUT GEO-DEPARTEMENTS SANS LOOKUP";"JRN-GEO-20260910203025853";"10/09/2026 20:30:25";"DEBUT";"DEBUT import GEO-DEPARTEMENTS.csv sans lookup";"OBJ-GEO-DEPARTEMENT";"CSV";"GEO-DEPARTEMENTS.csv";"0";"0";"0";"0";"EN COURS";"Total CSV=101; Reprise=0; Import sans lookup";"Non";"Non";"";"09/10/2026 18:30:27";"09/10/2026 18:30:27";"UserId:11";"UserId:11"
"30";"ACTION GEO-DEPARTEMENTS SANS LOOKUP";"JRN-GEO-20260910203102796";"10/09/2026 20:31:02";"ACTION";"ACTION import GEO-DEPARTEMENTS.csv sans lookup";"OBJ-GEO-DEPARTEMENT";"CSV";"GEO-DEPARTEMENTS.csv";"25";"25";"0";"0";"LOT TERMINE";"Lot=1; Fin=25; Creations=25; Ignores=0; Erreurs=0; Sans lookup";"Non";"Non";"";"09/10/2026 18:31:04";"09/10/2026 18:31:04";"UserId:11";"UserId:11"
"31";"ACTION GEO-DEPARTEMENTS SANS LOOKUP";"JRN-GEO-20260910203123254";"10/09/2026 20:31:23";"ACTION";"ACTION import GEO-DEPARTEMENTS.csv sans lookup";"OBJ-GEO-DEPARTEMENT";"CSV";"GEO-DEPARTEMENTS.csv";"50";"50";"0";"0";"LOT TERMINE";"Lot=2; Fin=50; Creations=50; Ignores=0; Erreurs=0; Sans lookup";"Non";"Non";"";"09/10/2026 18:31:24";"09/10/2026 18:31:24";"UserId:11";"UserId:11"
"32";"ACTION GEO-DEPARTEMENTS SANS LOOKUP";"JRN-GEO-20260910203145897";"10/09/2026 20:31:45";"ACTION";"ACTION import GEO-DEPARTEMENTS.csv sans lookup";"OBJ-GEO-DEPARTEMENT";"CSV";"GEO-DEPARTEMENTS.csv";"75";"75";"0";"0";"LOT TERMINE";"Lot=3; Fin=75; Creations=75; Ignores=0; Erreurs=0; Sans lookup";"Non";"Non";"";"09/10/2026 18:31:47";"09/10/2026 18:31:47";"UserId:11";"UserId:11"
"33";"ACTION GEO-DEPARTEMENTS SANS LOOKUP";"JRN-GEO-20260910203206232";"10/09/2026 20:32:06";"ACTION";"ACTION import GEO-DEPARTEMENTS.csv sans lookup";"OBJ-GEO-DEPARTEMENT";"CSV";"GEO-DEPARTEMENTS.csv";"100";"100";"0";"0";"LOT TERMINE";"Lot=4; Fin=100; Creations=100; Ignores=0; Erreurs=0; Sans lookup";"Non";"Non";"";"09/10/2026 18:32:07";"09/10/2026 18:32:07";"UserId:11";"UserId:11"
"34";"ACTION GEO-DEPARTEMENTS SANS LOOKUP";"JRN-GEO-20260910203208377";"10/09/2026 20:32:08";"ACTION";"ACTION import GEO-DEPARTEMENTS.csv sans lookup";"OBJ-GEO-DEPARTEMENT";"CSV";"GEO-DEPARTEMENTS.csv";"101";"101";"0";"0";"LOT TERMINE";"Lot=5; Fin=101; Creations=101; Ignores=0; Erreurs=0; Sans lookup";"Non";"Non";"";"09/10/2026 18:32:09";"09/10/2026 18:32:09";"UserId:11";"UserId:11"
"35";"FIN GEO-DEPARTEMENTS SANS LOOKUP";"JRN-GEO-20260910203209266";"10/09/2026 20:32:09";"FIN";"FIN import GEO-DEPARTEMENTS.csv sans lookup";"OBJ-GEO-DEPARTEMENT";"CSV";"GEO-DEPARTEMENTS.csv";"101";"101";"0";"0";"SUCCES";"Total=101; Creations=101; Ignores=0; Erreurs=0; Import sans lookup";"Non";"Non";"";"09/10/2026 18:32:10";"09/10/2026 18:32:10";"UserId:11";"UserId:11"
"36";"DEBUT GEO-TERRITOIRES SANS LOOKUP";"JRN-GEO-20260910203527323";"10/09/2026 20:35:27";"DEBUT";"DEBUT import GEO-TERRITOIRES.csv sans lookup";"OBJ-GEO-TERRITOIRE";"CSV";"GEO-TERRITOIRES.csv";"0";"0";"0";"0";"EN COURS";"Total CSV=9; Reprise=0; Import sans lookup";"Non";"Non";"";"09/10/2026 18:35:28";"09/10/2026 18:35:28";"UserId:11";"UserId:11"
"37";"ACTION GEO-TERRITOIRES SANS LOOKUP";"JRN-GEO-20260910203552125";"10/09/2026 20:35:52";"ACTION";"ACTION import GEO-TERRITOIRES.csv sans lookup";"OBJ-GEO-TERRITOIRE";"CSV";"GEO-TERRITOIRES.csv";"9";"9";"0";"0";"LOT TERMINE";"Lot=1; Fin=9; Creations=9; Ignores=0; Erreurs=0; Sans lookup";"Non";"Non";"";"09/10/2026 18:35:53";"09/10/2026 18:35:53";"UserId:11";"UserId:11"
"38";"FIN GEO-TERRITOIRES SANS LOOKUP";"JRN-GEO-20260910203552877";"10/09/2026 20:35:52";"FIN";"FIN import GEO-TERRITOIRES.csv sans lookup";"OBJ-GEO-TERRITOIRE";"CSV";"GEO-TERRITOIRES.csv";"9";"9";"0";"0";"SUCCES";"Total=9; Creations=9; Ignores=0; Erreurs=0; Import sans lookup";"Non";"Non";"";"09/10/2026 18:35:54";"09/10/2026 18:35:54";"UserId:11";"UserId:11"
"39";"DEBUT GEO-NATIONALITES SANS LOOKUP";"JRN-GEO-20260910203831939";"10/09/2026 20:38:31";"DEBUT";"DEBUT import GEO-NATIONALITES.csv sans lookup";"OBJ-GEO-NATIONALITE";"CSV";"GEO-NATIONALITES.csv";"0";"0";"0";"0";"EN COURS";"Total CSV=249; Reprise=0; Import sans lookup";"Non";"Non";"";"09/10/2026 18:38:34";"09/10/2026 18:38:34";"UserId:11";"UserId:11"
"40";"ACTION GEO-NATIONALITES SANS LOOKUP";"JRN-GEO-20260910203924983";"10/09/2026 20:39:24";"ACTION";"ACTION import GEO-NATIONALITES.csv sans lookup";"OBJ-GEO-NATIONALITE";"CSV";"GEO-NATIONALITES.csv";"50";"50";"0";"0";"LOT TERMINE";"Lot=1; Fin=50; Creations=50; Ignores=0; Erreurs=0; Sans lookup";"Non";"Non";"";"09/10/2026 18:39:26";"09/10/2026 18:39:26";"UserId:11";"UserId:11"
"41";"ACTION GEO-NATIONALITES SANS LOOKUP";"JRN-GEO-20260910204003067";"10/09/2026 20:40:03";"ACTION";"ACTION import GEO-NATIONALITES.csv sans lookup";"OBJ-GEO-NATIONALITE";"CSV";"GEO-NATIONALITES.csv";"100";"100";"0";"0";"LOT TERMINE";"Lot=2; Fin=100; Creations=100; Ignores=0; Erreurs=0; Sans lookup";"Non";"Non";"";"09/10/2026 18:40:04";"09/10/2026 18:40:04";"UserId:11";"UserId:11"
"42";"ACTION GEO-NATIONALITES SANS LOOKUP";"JRN-GEO-20260910204040514";"10/09/2026 20:40:40";"ACTION";"ACTION import GEO-NATIONALITES.csv sans lookup";"OBJ-GEO-NATIONALITE";"CSV";"GEO-NATIONALITES.csv";"150";"150";"0";"0";"LOT TERMINE";"Lot=3; Fin=150; Creations=150; Ignores=0; Erreurs=0; Sans lookup";"Non";"Non";"";"09/10/2026 18:40:41";"09/10/2026 18:40:41";"UserId:11";"UserId:11"
"43";"ACTION GEO-NATIONALITES SANS LOOKUP";"JRN-GEO-20260910204117824";"10/09/2026 20:41:17";"ACTION";"ACTION import GEO-NATIONALITES.csv sans lookup";"OBJ-GEO-NATIONALITE";"CSV";"GEO-NATIONALITES.csv";"200";"200";"0";"0";"LOT TERMINE";"Lot=4; Fin=200; Creations=200; Ignores=0; Erreurs=0; Sans lookup";"Non";"Non";"";"09/10/2026 18:41:19";"09/10/2026 18:41:19";"UserId:11";"UserId:11"
"44";"ACTION GEO-NATIONALITES SANS LOOKUP";"JRN-GEO-20260910204155324";"10/09/2026 20:41:55";"ACTION";"ACTION import GEO-NATIONALITES.csv sans lookup";"OBJ-GEO-NATIONALITE";"CSV";"GEO-NATIONALITES.csv";"249";"249";"0";"0";"LOT TERMINE";"Lot=5; Fin=249; Creations=249; Ignores=0; Erreurs=0; Sans lookup";"Non";"Non";"";"09/10/2026 18:41:56";"09/10/2026 18:41:56";"UserId:11";"UserId:11"
"45";"FIN GEO-NATIONALITES SANS LOOKUP";"JRN-GEO-20260910204156154";"10/09/2026 20:41:56";"FIN";"FIN import GEO-NATIONALITES.csv sans lookup";"OBJ-GEO-NATIONALITE";"CSV";"GEO-NATIONALITES.csv";"249";"249";"0";"0";"SUCCES";"Total=249; Creations=249; Ignores=0; Erreurs=0; Import sans lookup";"Non";"Non";"";"09/10/2026 18:41:57";"09/10/2026 18:41:57";"UserId:11";"UserId:11"
"46";"DEBUT GEO-FUSEAUX-HORAIRES SANS LOOKUP";"JRN-GEO-20260910204528181";"10/09/2026 20:45:28";"DEBUT";"DEBUT import GEO-FUSEAUX-HORAIRES.csv sans lookup";"OBJ-GEO-FUSEAU-HORAIRE";"CSV";"GEO-FUSEAUX-HORAIRES.csv";"0";"0";"0";"0";"EN COURS";"Total CSV=38; Reprise=0; Import sans lookup";"Non";"Non";"";"09/10/2026 18:45:29";"09/10/2026 18:45:29";"UserId:11";"UserId:11"
"47";"ACTION GEO-FUSEAUX-HORAIRES SANS LOOKUP";"JRN-GEO-20260910204537726";"10/09/2026 20:45:37";"ACTION";"ACTION import GEO-FUSEAUX-HORAIRES.csv sans lookup";"OBJ-GEO-FUSEAU-HORAIRE";"CSV";"GEO-FUSEAUX-HORAIRES.csv";"20";"0";"0";"20";"LOT TERMINE";"Lot=1; Fin=20; Creations=0; Ignores=0; Erreurs=20; Sans lookup";"Non";"Non";"";"09/10/2026 18:45:39";"09/10/2026 18:45:39";"UserId:11";"UserId:11"
"48";"ACTION GEO-FUSEAUX-HORAIRES SANS LOOKUP";"JRN-GEO-20260910204539122";"10/09/2026 20:45:39";"ACTION";"ACTION import GEO-FUSEAUX-HORAIRES.csv sans lookup";"OBJ-GEO-FUSEAU-HORAIRE";"CSV";"GEO-FUSEAUX-HORAIRES.csv";"38";"0";"0";"38";"LOT TERMINE";"Lot=2; Fin=38; Creations=0; Ignores=0; Erreurs=38; Sans lookup";"Non";"Non";"";"09/10/2026 18:45:40";"09/10/2026 18:45:40";"UserId:11";"UserId:11"
"49";"FIN GEO-FUSEAUX-HORAIRES SANS LOOKUP";"JRN-GEO-20260910204539992";"10/09/2026 20:45:39";"FIN";"FIN import GEO-FUSEAUX-HORAIRES.csv sans lookup";"OBJ-GEO-FUSEAU-HORAIRE";"CSV";"GEO-FUSEAUX-HORAIRES.csv";"38";"0";"0";"38";"A CONTROLER";"Total=38; Creations=0; Ignores=0; Erreurs=38; Import sans lookup";"Non";"Non";"";"09/10/2026 18:45:41";"09/10/2026 18:45:41";"UserId:11";"UserId:11"
"50";"DEBUT GEO-FUSEAUX-HORAIRES SANS LOOKUP";"JRN-GEO-20260910205055438";"10/09/2026 20:50:55";"DEBUT";"DEBUT import GEO-FUSEAUX-HORAIRES.csv sans lookup";"OBJ-GEO-FUSEAU-HORAIRE";"CSV";"GEO-FUSEAUX-HORAIRES.csv";"0";"0";"0";"0";"EN COURS";"Total CSV=38; Reprise=0; Import sans lookup";"Non";"Non";"";"09/10/2026 18:50:56";"09/10/2026 18:50:56";"UserId:11";"UserId:11"
"51";"ACTION GEO-FUSEAUX-HORAIRES SANS LOOKUP";"JRN-GEO-20260910205120358";"10/09/2026 20:51:20";"ACTION";"ACTION import GEO-FUSEAUX-HORAIRES.csv sans lookup";"OBJ-GEO-FUSEAU-HORAIRE";"CSV";"GEO-FUSEAUX-HORAIRES.csv";"20";"20";"0";"0";"LOT TERMINE";"Lot=1; Fin=20; Creations=20; Ignores=0; Erreurs=0; Sans lookup";"Non";"Non";"";"09/10/2026 18:51:21";"09/10/2026 18:51:21";"UserId:11";"UserId:11"
"52";"ACTION GEO-FUSEAUX-HORAIRES SANS LOOKUP";"JRN-GEO-20260910205135802";"10/09/2026 20:51:35";"ACTION";"ACTION import GEO-FUSEAUX-HORAIRES.csv sans lookup";"OBJ-GEO-FUSEAU-HORAIRE";"CSV";"GEO-FUSEAUX-HORAIRES.csv";"38";"38";"0";"0";"LOT TERMINE";"Lot=2; Fin=38; Creations=38; Ignores=0; Erreurs=0; Sans lookup";"Non";"Non";"";"09/10/2026 18:51:37";"09/10/2026 18:51:37";"UserId:11";"UserId:11"
"53";"FIN GEO-FUSEAUX-HORAIRES SANS LOOKUP";"JRN-GEO-20260910205136598";"10/09/2026 20:51:36";"FIN";"FIN import GEO-FUSEAUX-HORAIRES.csv sans lookup";"OBJ-GEO-FUSEAU-HORAIRE";"CSV";"GEO-FUSEAUX-HORAIRES.csv";"38";"38";"0";"0";"SUCCES";"Total=38; Creations=38; Ignores=0; Erreurs=0; Import sans lookup";"Non";"Non";"";"09/10/2026 18:51:37";"09/10/2026 18:51:37";"UserId:11";"UserId:11"
"54";"DEBUT GEO-STATUTS SANS LOOKUP";"JRN-GEO-20260910221207297";"10/09/2026 22:12:07";"DEBUT";"DEBUT import GEO-STATUTS.csv sans lookup";"OBJ-GEO-STATUT";"CSV";"GEO-STATUTS.csv";"0";"0";"0";"0";"EN COURS";"Total CSV=22; Reprise=0; Import sans lookup";"Non";"Non";"";"09/10/2026 20:12:08";"09/10/2026 20:12:08";"UserId:11";"UserId:11"
"55";"ACTION GEO-STATUTS SANS LOOKUP";"JRN-GEO-20260910221230258";"10/09/2026 22:12:30";"ACTION";"ACTION import GEO-STATUTS.csv sans lookup";"OBJ-GEO-STATUT";"CSV";"GEO-STATUTS.csv";"20";"20";"0";"0";"LOT TERMINE";"Lot=1; Fin=20; Creations=20; Ignores=0; Erreurs=0; Sans lookup";"Non";"Non";"";"09/10/2026 20:12:31";"09/10/2026 20:12:31";"UserId:11";"UserId:11"
"56";"ACTION GEO-STATUTS SANS LOOKUP";"JRN-GEO-20260910221233112";"10/09/2026 22:12:33";"ACTION";"ACTION import GEO-STATUTS.csv sans lookup";"OBJ-GEO-STATUT";"CSV";"GEO-STATUTS.csv";"22";"22";"0";"0";"LOT TERMINE";"Lot=2; Fin=22; Creations=22; Ignores=0; Erreurs=0; Sans lookup";"Non";"Non";"";"09/10/2026 20:12:34";"09/10/2026 20:12:34";"UserId:11";"UserId:11"
"57";"FIN GEO-STATUTS SANS LOOKUP";"JRN-GEO-20260910221233930";"10/09/2026 22:12:33";"FIN";"FIN import GEO-STATUTS.csv sans lookup";"OBJ-GEO-STATUT";"CSV";"GEO-STATUTS.csv";"22";"22";"0";"0";"SUCCES";"Total=22; Creations=22; Ignores=0; Erreurs=0; Import sans lookup";"Non";"Non";"";"09/10/2026 20:12:35";"09/10/2026 20:12:35";"UserId:11";"UserId:11"
"58";"DEBUT GEO-LOOKUP-001";"JRN-GEO-20260910221704319";"10/09/2026 22:17:04";"DEBUT";"DEBUT liaison des lookups GEO";"PLUSIEURS LISTES GEO";"SHAREPOINT";"GEO-LOOKUP-001.ps1";"0";"0";"0";"0";"EN COURS";"Audit puis liaison de 10 relations GEO";"Non";"Non";"";"09/10/2026 20:17:05";"09/10/2026 20:17:05";"UserId:11";"UserId:11"
"59";"ACTION GEO-LOOKUP-001";"JRN-GEO-20260910221727961";"10/09/2026 22:17:27";"ACTION";"ACTION liaison des lookups GEO";"PLUSIEURS LISTES GEO";"SHAREPOINT";"GEO-LOOKUP-001.ps1";"18";"0";"18";"0";"RELATION TRAITEE";"OBJ-GEO-REGION.PaysTexte vers OBJ-GEO-PAYS; Liaisons=18; Introuvables=0";"Non";"Non";"";"09/10/2026 20:17:29";"09/10/2026 20:17:29";"UserId:11";"UserId:11"
"60";"ACTION GEO-LOOKUP-001";"JRN-GEO-20260910221804837";"10/09/2026 22:18:04";"ACTION";"ACTION liaison des lookups GEO";"PLUSIEURS LISTES GEO";"SHAREPOINT";"GEO-LOOKUP-001.ps1";"32";"0";"26";"5";"RELATION TRAITEE";"OBJ-GEO-TERRITOIRE.PaysRattachementTexte vers OBJ-GEO-PAYS; Liaisons=26; Introuvables=1";"Non";"Non";"";"09/10/2026 20:18:06";"09/10/2026 20:18:06";"UserId:11";"UserId:11"
"61";"ACTION GEO-LOOKUP-001";"JRN-GEO-20260910222149519";"10/09/2026 22:21:49";"ACTION";"ACTION liaison des lookups GEO";"PLUSIEURS LISTES GEO";"SHAREPOINT";"GEO-LOOKUP-001.ps1";"283";"0";"236";"7";"RELATION TRAITEE";"OBJ-GEO-NATIONALITE.PaysTexte vers OBJ-GEO-PAYS; Liaisons=236; Introuvables=40";"Non";"Non";"";"09/10/2026 20:21:51";"09/10/2026 20:21:51";"UserId:11";"UserId:11"
"62";"FIN GEO-LOOKUP-001";"JRN-GEO-20260910222150475";"10/09/2026 22:21:50";"FIN";"FIN liaison des lookups GEO";"PLUSIEURS LISTES GEO";"SHAREPOINT";"GEO-LOOKUP-001.ps1";"283";"0";"236";"7";"A CONTROLER";"Controles=283; Liaisons=236; DejaLies=0; Introuvables=40; Ignores=0; Erreurs=7";"Non";"Non";"";"09/10/2026 20:21:51";"09/10/2026 20:21:51";"UserId:11";"UserId:11"
"63";"DEBUT GEO-LOOKUP-002";"JRN-GEO-20260910222808448";"10/09/2026 22:28:08";"DEBUT";"DEBUT liaison GEO-LOOKUP-002";"PLUSIEURS LISTES GEO";"SHAREPOINT";"GEO-LOOKUP-002.ps1";"0";"0";"0";"0";"EN COURS";"Correction des 10 relations GEO avec decouverte des vrais champs";"Non";"Non";"";"09/10/2026 20:28:09";"09/10/2026 20:28:09";"UserId:11";"UserId:11"
"64";"ACTION GEO-LOOKUP-002";"JRN-GEO-20260910222813587";"10/09/2026 22:28:13";"ACTION";"ACTION liaison GEO-LOOKUP-002";"PLUSIEURS LISTES GEO";"SHAREPOINT";"GEO-LOOKUP-002.ps1";"18";"0";"0";"0";"RELATION TRAITEE";"OBJ-GEO-REGION.PaysTexte vers OBJ-GEO-PAYS; Champ=Pays";"Non";"Non";"";"09/10/2026 20:28:14";"09/10/2026 20:28:14";"UserId:11";"UserId:11"
"65";"ACTION GEO-LOOKUP-002";"JRN-GEO-20260910222840358";"10/09/2026 22:28:40";"ACTION";"ACTION liaison GEO-LOOKUP-002";"PLUSIEURS LISTES GEO";"SHAREPOINT";"GEO-LOOKUP-002.ps1";"36";"0";"18";"0";"RELATION TRAITEE";"OBJ-GEO-REGION.ContinentTexte vers OBJ-GEO-CONTINENT; Champ=DSELookupContinent";"Non";"Non";"";"09/10/2026 20:28:41";"09/10/2026 20:28:41";"UserId:11";"UserId:11"
"66";"ACTION GEO-LOOKUP-002";"JRN-GEO-20260910222907281";"10/09/2026 22:29:07";"ACTION";"ACTION liaison GEO-LOOKUP-002";"PLUSIEURS LISTES GEO";"SHAREPOINT";"GEO-LOOKUP-002.ps1";"54";"0";"36";"0";"RELATION TRAITEE";"OBJ-GEO-REGION.ZoneTexte vers OBJ-GEO-ZONE; Champ=DSELookupZone";"Non";"Non";"";"09/10/2026 20:29:08";"09/10/2026 20:29:08";"UserId:11";"UserId:11"
"67";"ACTION GEO-LOOKUP-002";"JRN-GEO-20260910223056437";"10/09/2026 22:30:56";"ACTION";"ACTION liaison GEO-LOOKUP-002";"PLUSIEURS LISTES GEO";"SHAREPOINT";"GEO-LOOKUP-002.ps1";"155";"0";"137";"0";"RELATION TRAITEE";"OBJ-GEO-DEPARTEMENT.RegionTexte vers OBJ-GEO-REGION; Champ=DSELookupRegion";"Non";"Non";"";"09/10/2026 20:30:57";"09/10/2026 20:30:57";"UserId:11";"UserId:11"
"68";"ACTION GEO-LOOKUP-002";"JRN-GEO-20260910223302282";"10/09/2026 22:33:02";"ACTION";"ACTION liaison GEO-LOOKUP-002";"PLUSIEURS LISTES GEO";"SHAREPOINT";"GEO-LOOKUP-002.ps1";"256";"0";"238";"0";"RELATION TRAITEE";"OBJ-GEO-DEPARTEMENT.PaysTexte vers OBJ-GEO-PAYS; Champ=DSELookupPays";"Non";"Non";"";"09/10/2026 20:33:03";"09/10/2026 20:33:03";"UserId:11";"UserId:11"
"69";"ACTION GEO-LOOKUP-002";"JRN-GEO-20260910223458827";"10/09/2026 22:34:58";"ACTION";"ACTION liaison GEO-LOOKUP-002";"PLUSIEURS LISTES GEO";"SHAREPOINT";"GEO-LOOKUP-002.ps1";"357";"0";"339";"0";"RELATION TRAITEE";"OBJ-GEO-DEPARTEMENT.ContinentTexte vers OBJ-GEO-CONTINENT; Champ=DSELookupContinent";"Non";"Non";"";"09/10/2026 20:35:00";"09/10/2026 20:35:00";"UserId:11";"UserId:11"
"70";"ACTION GEO-LOOKUP-002";"JRN-GEO-20260910223503559";"10/09/2026 22:35:03";"ACTION";"ACTION liaison GEO-LOOKUP-002";"PLUSIEURS LISTES GEO";"SHAREPOINT";"GEO-LOOKUP-002.ps1";"366";"0";"339";"0";"RELATION TRAITEE";"OBJ-GEO-TERRITOIRE.PaysRattachementTexte vers OBJ-GEO-PAYS; Champ=PaysRattachement";"Non";"Non";"";"09/10/2026 20:35:04";"09/10/2026 20:35:04";"UserId:11";"UserId:11"
"71";"ACTION GEO-LOOKUP-002";"JRN-GEO-20260910223521676";"10/09/2026 22:35:21";"ACTION";"ACTION liaison GEO-LOOKUP-002";"PLUSIEURS LISTES GEO";"SHAREPOINT";"GEO-LOOKUP-002.ps1";"375";"0";"348";"0";"RELATION TRAITEE";"OBJ-GEO-TERRITOIRE.ContinentTexte vers OBJ-GEO-CONTINENT; Champ=DSELookupContinent";"Non";"Non";"";"09/10/2026 20:35:23";"09/10/2026 20:35:23";"UserId:11";"UserId:11"
"72";"ACTION GEO-LOOKUP-002";"JRN-GEO-20260910223539003";"10/09/2026 22:35:39";"ACTION";"ACTION liaison GEO-LOOKUP-002";"PLUSIEURS LISTES GEO";"SHAREPOINT";"GEO-LOOKUP-002.ps1";"384";"0";"357";"0";"RELATION TRAITEE";"OBJ-GEO-TERRITOIRE.ZoneTexte vers OBJ-GEO-ZONE; Champ=DSELookupZone";"Non";"Non";"";"09/10/2026 20:35:40";"09/10/2026 20:35:40";"UserId:11";"UserId:11"
"73";"ACTION GEO-LOOKUP-002";"JRN-GEO-20260910223625236";"10/09/2026 22:36:25";"ACTION";"ACTION liaison GEO-LOOKUP-002";"PLUSIEURS LISTES GEO";"SHAREPOINT";"GEO-LOOKUP-002.ps1";"633";"0";"396";"0";"RELATION TRAITEE";"OBJ-GEO-NATIONALITE.PaysTexte vers OBJ-GEO-PAYS; Champ=Pays";"Non";"Non";"";"09/10/2026 20:36:26";"09/10/2026 20:36:26";"UserId:11";"UserId:11"
"74";"FIN GEO-LOOKUP-002";"JRN-GEO-20260910223626176";"10/09/2026 22:36:26";"FIN";"FIN liaison GEO-LOOKUP-002";"PLUSIEURS LISTES GEO";"SHAREPOINT";"GEO-LOOKUP-002.ps1";"633";"0";"396";"0";"A CONTROLER";"Controles=633; Liaisons=396; DejaLies=236; Introuvables=1; Ignores=0; Erreurs=0";"Non";"Non";"";"09/10/2026 20:36:27";"09/10/2026 20:36:27";"UserId:11";"UserId:11"